"no","id","context","sentence","intentionality","factivity","pictoriality","sense"
1,"FP0","W_fict_prose","  think I might live. Her self-inventory wavered through lapis lazuli.' I'd imagine you've got one or two questions.' His irony invited her approval and",-2.10628698881421,0.841942187806502,-1.1621154989102,"2-THINK/BELIVE"
2,"KRX","S_speech_unscripted","  We used to go in that darn stuff all day long, and you can imagine the pickle we were in, all that sticky molasses. (SP:PS6FY) All sticking to",0.356314219208602,1.45180108225928,1.07646614522456,"1-VIZUALIZE/PICTURE"
5,"JSM","S_lect_polit_law_edu","  (pause) in r-- in response to a hypothetical question he said (reading) I can't imagine any set of circumstances that would ever induce me to send federal troops into any",0.971964521214306,-1.59749339000463,-0.0428246768428166,"1-VIZUALIZE/PICTURE"
7,"CH8","W_biography","  sounds almost as if it will be too agonizing for them. I can't imagine people in this country putting themselves through that, no matter how much they love",0.356314219208602,-0.987634495551847,0.143723793501746,"1-VIZUALIZE/PICTURE"
10,"CAY","W_misc","  an uncontrollable build up of forward speed. # Fig. 4.5 Safe base. # Imagine that it's a pendulum # Something which may help here is to try visualising",0.971964521214306,-0.581061899249992,1.82266002660282,"1-VIZUALIZE/PICTURE"
11,"B75","W_non_ac_nat_science","  repeating along a screw axis (ie, it is a helix). To imagine a straight structure which did not owe its straightness to this cause would require an",0.766747753879071,-0.377775601099064,1.26301461556913,"1-VIZUALIZE/PICTURE"
12,"A67","W_misc","  the Americans. Our navigator, Fg Off Ruston was taken prisoner. You can imagine my surprise when looking around the Lancaster hangar at the display boards, I came",0.561530986543836,1.45180108225928,0.516820734190873,"1-VIZUALIZE/PICTURE"
13,"ADA","W_fict_prose","  walked on together up the by now rapidly dusking street. It is possible to imagine that one of them was brightening with the low cunning of unscrupulous greed and that",0.356314219208602,-0.377775601099064,0.33027226384631,"1-VIZUALIZE/PICTURE"
14,"AMD","W_misc","  3 course menu. Lift; 30 bedrooms; single available. # Leogang # Imagine a hidden picture postcard village set between two fantastic mountains ranges, and you have",1.17718128854954,1.45180108225928,2.19575696729194,"1-VIZUALIZE/PICTURE"
16,"G0N","W_fict_prose","  what I told you. there's more at stake here than you can possibly imagine. MAURICE: That's eyewash and you know it. BEATRIX: I know",-0.259336082797102,-0.987634495551847,-1.1621154989102,"3-SUPPOSE/ASSUME"
17,"G1A","W_fict_prose","  (why two? why not a hundred.?), does the reader seriously imagine he is being' offered a choice' and that the work is reflecting life",-1.49063668680851,-0.987634495551847,-1.1621154989102,"4-FALSE_PERCEPTION"
18,"H9X","W_biography","  , however modest, to the Italian' problem'. It was impossible to imagine a people --; I do not say a government -- with less relish for",0.561530986543836,-1.19092079370278,-0.415921617531943,"1-VIZUALIZE/PICTURE"
19,"KP4","S_conv","  (SP:PS51S) Hon do you wan na paracetamol? (SP:PS6U1) Dan (SP:PS6P2) Yeah. (SP:PS6U1) (unclear) imagine that but just done in complete black with white lines, yeah, like sort",1.17718128854954,-0.987634495551847,2.19575696729194,"1-VIZUALIZE/PICTURE"
21,"FPX","W_fict_prose","  look like a sandwich. She could only see the ceiling, but she could imagine the sight her bottom made: just overlapping the table, with her thighs spread",0.971964521214306,1.45180108225928,1.82266002660282,"1-VIZUALIZE/PICTURE"
22,"G1X","W_fict_prose","  . The heart isn't heart-shaped, that's one of our problems. We imagine, don't we, some neat bivalve whose shape encodes the way in which",0.356314219208602,-0.581061899249992,1.44956308591369,"4-FALSE_PERCEPTION"
23,"KD8","S_conv","  often the way isn't it? (SP:PS0LR) So (SP:PS0LK) Well I mean you could imagine them loving it! (SP:PS0LR) Yeah. (SP:PS0LK) You know, I mean I ca",-0.0541193154618676,-0.377775601099064,-0.602470087876506,"1-VIZUALIZE/PICTURE"
24,"HA3","W_fict_prose","  matrix. I was very good at it when I was alive. I could imagine up to, oh, five hundred dragons at a time. Now Liessa,",0.561530986543836,-1.3942070918537,1.82266002660282,"1-VIZUALIZE/PICTURE"
25,"CD6","W_pop_lore","  ' They give us names like paedophile, racist -- all the names you can imagine', it's as if they wonder what all the fuss is about.",0.561530986543836,0.841942187806502,-1.1621154989102,"1-VIZUALIZE/PICTURE"
26,"G3B","W_biography","  ordinary Italian wanted was an end to the war, but it was difficult to imagine a world ruled by Nazis, Fascists and the Japanese. What did we know",0.561530986543836,-1.19092079370278,0.143723793501746,"1-VIZUALIZE/PICTURE"
27,"KD0","S_conv","  you want (SP:PS0HP) What Mr (-----) leave at junction forty (unclear) (SP:PS0HM) Yeah I should imagine so (pause) but they wouldn't, but they could. (SP:PS0HP) Gosh, posh",-2.10628698881421,-0.987634495551847,-1.1621154989102,"2-THINK/BELIVE"
28,"H0E","W_misc","  be expected to insert discontinuities, because by definition they are unpredictable. He can imagine a variety of possible discontinuities, as I have done here, and he may",0.561530986543836,-0.581061899249992,-0.602470087876506,"1-VIZUALIZE/PICTURE"
29,"G06","W_fict_prose","  be to devalue it. This seemed to me so true that I couldn't imagine why it was not universally acknowledged. Even in my limited experience I had seen",0.561530986543836,0.841942187806502,-1.1621154989102,"3-SUPPOSE/ASSUME"
30,"ABS","W_pop_lore","  publication anywhere in the world better suited to the twelve-year-old-boy mentality, I can't imagine what it is. But here is the intriguing part. I've done some",0.561530986543836,-0.377775601099064,-0.882292793393351,"3-SUPPOSE/ASSUME"
32,"A17","W_pop_lore","  in Germany, will be here then,' Dave said.' I'd imagine they'll be very happy to get the chance to see Des again.'",-2.10628698881421,1.04522848595743,-1.1621154989102,"2-THINK/BELIVE"
33,"HHA","W_fict_prose","  the mugs, overdid the sugar and had to start again. She could just imagine his look of derision, maybe even one of his put-downs. Get a grip",0.151097451873367,-0.78434819740092,2.00920849694738,"1-VIZUALIZE/PICTURE"
34,"JXX","W_fict_prose","  ... what's going to happen to the children?'' As you can imagine, my mother has completely collapsed. However, my personal assistant has been in",0.151097451873367,1.45180108225928,-0.602470087876506,"2-THINK/BELIVE"
35,"CHA","W_pop_lore","  ' EP, The Lone Groover's codpiece, Tit Pics, Herbal High, Imagine if they gave a war and nobody came, SOD. Off, Smile if",0.561530986543836,-1.3942070918537,0.703369204535436,"1-VIZUALIZE/PICTURE"
36,"CBM","W_newsp_other_report","  so it could go on for another 20 years. Can any of your readers imagine what it would be like to be thrown into a' concentration camp' for",0.766747753879071,-1.3942070918537,1.26301461556913,"1-VIZUALIZE/PICTURE"
37,"CKT","W_pop_lore","  York:' This is the most difficult project for a museum that I can imagine. It is difficult and must remain that way because history has left us with",0.151097451873367,0.841942187806502,-0.322647382359662,"1-VIZUALIZE/PICTURE"
38,"H7A","W_fict_prose","  to fat, like Cary Grant almost. If you closed your eyes you could imagine them together on the promenade, arm-in-arm like they should be, the doctor with",0.971964521214306,-1.3942070918537,2.19575696729194,"1-VIZUALIZE/PICTURE"
39,"C9H","W_pop_lore","  flips straight to the cover interview with Slash. Crikey! It's hard to imagine a band further from the' are ya doin' awright?' approach than",0.151097451873367,-0.987634495551847,-0.0428246768428166,"1-VIZUALIZE/PICTURE"
40,"CH1","W_newsp_tabloid","  five daughters and two granddaughters, so it is pretty exciting, as you can imagine, suddenly to have a boy.' I've been used to playing dolls",0.151097451873367,1.65508738041021,-0.602470087876506,"2-THINK/BELIVE"
41,"HBT","W_advert","  for mathematics. This does not necessarily mean a mathematics degree, as many people imagine. Degrees in subjects such as natural sciences, economics or statistics are just as",-2.31150375614945,-0.581061899249992,-1.1621154989102,"4-FALSE_PERCEPTION"
42,"HGN","W_fict_prose","  . Who happens to be a young wife and mother of impeccable ultra-orthodox credentials. Imagine her delight when a lost soul returns, through her good offices, to the",0.356314219208602,0.841942187806502,0.143723793501746,"1-VIZUALIZE/PICTURE"
43,"B06","W_misc","  and as such, can easily be controlled by thought. Close your eyes and imagine that you are centred within a sphere of white light which also permeates your body",1.17718128854954,-1.3942070918537,2.19575696729194,"1-VIZUALIZE/PICTURE"
44,"KD0","S_conv","  ? (pause) If you see what I mean. (SP:PS0HP) Mm. (SP:PS0HM) I can actually imagine the feeling of going to a cot and then finding no (pause) no the child",0.561530986543836,-1.19092079370278,0.516820734190873,"1-VIZUALIZE/PICTURE"
45,"GVL","W_fict_prose","  to his suite at the Monogram and was just opening my sample case when, imagine my surprise...' A telephone jangled. MacLane scooped the receiver up and grunted",0.766747753879071,1.45180108225928,-0.602470087876506,"1-VIZUALIZE/PICTURE"
46,"JAE","S_interview","  look at it there's such a commitment by this company to (SP:PS444) I can imagine that. (SP:PS443) for the self-employed even the self-employed status (SP:PS444) Yes yes. (SP:PS443)",-0.874986384802806,0.841942187806502,-1.1621154989102,"2-THINK/BELIVE"
47,"ABJ","W_pop_lore","  convinced the market has its own fail-safe mechanisms for everything that it is hard to imagine them upholding a challenge to any merger. This is to miss the point.",0.356314219208602,-0.78434819740092,-0.882292793393351,"3-SUPPOSE/ASSUME"
48,"HGD","W_fict_prose","  I know.' Jenna nodded, her eyes on the field, trying to imagine it full of poppies and trying to keep her mind off Alain. It was",0.971964521214306,-1.3942070918537,2.19575696729194,"1-VIZUALIZE/PICTURE"
49,"HGK","W_fict_prose","  spat.' What are you after all but a journalist? I expect you imagine you'll be a countess soon?' Maggie was stunned, but not for",-2.10628698881421,-1.19092079370278,-1.1621154989102,"4-FALSE_PERCEPTION"
50,"HYD","S_tutorial","  seems to be er a very very deeply complicated er topic, so erm I imagine there are questions that you folks had. There were certainly questions that I had",-2.31150375614945,1.24851478410836,-1.1621154989102,"3-SUPPOSE/ASSUME"
51,"CES","W_biography","  I would have managed to get through without them, but it's hard to imagine how. On that morning I was giving them the latest news of Nigel.",0.151097451873367,-0.987634495551847,-0.78901855822107,"1-VIZUALIZE/PICTURE"
52,"AHJ","W_newsp_brdsht_nat_commerce","  column will have concluded I have the same hang-up about finding the perfect house. Imagine my excitement, therefore, when it seemed recently that I might have stumbled across",0.356314219208602,1.45180108225928,-0.602470087876506,"1-VIZUALIZE/PICTURE"
53,"AR8","W_non_ac_polit_law_edu","  foot out of the town and walk back to the rendezvous with Robin Gurdon. Imagine the scene: the Prime Minister's son, a Member of Parliament and the",1.17718128854954,0.841942187806502,1.44956308591369,"1-VIZUALIZE/PICTURE"
54,"C8T","W_fict_prose","  he would any other. But why the hell should he? I can't imagine that a woman who's actually had an abortion wants to go through that again",0.356314219208602,-0.987634495551847,-0.882292793393351,"2-THINK/BELIVE"
55,"AN8","W_fict_prose","  made. Since there are some fifty thousand genes in each chromosome, you can imagine the difficulty inherent in recognizing differences in such microscopic structures. I can not possibly",0.151097451873367,1.45180108225928,-0.882292793393351,"2-THINK/BELIVE"
56,"A7C","W_biography","  , happily ensconced in a coterie, would ask along their doctors? Can we imagine a GP being made to feel welcome in the Bloomsbury set? But one also",0.151097451873367,-0.78434819740092,-0.0428246768428166,"1-VIZUALIZE/PICTURE"
57,"CEP","W_newsp_other_sports","  as an accompaniment, are not confined to north London. It is difficult to imagine anything the shape of Stan Flashman as being the tip of an iceberg but that",0.561530986543836,-1.19092079370278,1.07646614522456,"1-VIZUALIZE/PICTURE"
58,"FS8","W_fict_prose","  . What's more, you know that I don't. I can't imagine what it is you want.' as if he were telling the story to",0.561530986543836,1.45180108225928,-1.1621154989102,"3-SUPPOSE/ASSUME"
59,"FU1","W_non_ac_soc_science","  maybe I wouldn't. It's hard to say. But I can't imagine being without her, so I don't really regret it. "" # SCHOOL",0.561530986543836,-0.987634495551847,-0.22937314718738,"1-VIZUALIZE/PICTURE"
60,"KPV","S_conv","  with (pause) as the-- there are in (pause) in Shakespeare. We can't really imagine ourselves (pause) you don't really have sympathy for any of the characters in the",0.561530986543836,-1.29256394277824,-0.0428246768428166,"1-VIZUALIZE/PICTURE"
62,"B7K","W_non_ac_nat_science","  wholesale replacement of large groups of animals by others. It would be hard to imagine an accumulation of competitive encounters between individuals that led to the extinction of a whole",0.151097451873367,-0.987634495551847,-0.602470087876506,"1-VIZUALIZE/PICTURE"
63,"HA5","W_fict_prose","  on your behalf, Grantham and Marsh will survive.'' You can't imagine how pleased that makes me feel, mus.' He raised his right hand",0.561530986543836,1.65508738041021,-1.1621154989102,"2-THINK/BELIVE"
64,"HAU","W_misc","  but my telephone call to the car rental company later that morning. You can imagine my reluctance to call as I didn't think that they would be too pleased",0.356314219208602,1.45180108225928,-0.882292793393351,"3-SUPPOSE/ASSUME"
65,"C9S","W_non_ac_soc_science","  a view to dispelling the myths that surround homosexuality. It is a mistake to imagine that resolutions passed at trade union conferences represent the most deeply held feelings of the",-2.10628698881421,-1.19092079370278,-1.1621154989102,"3-SUPPOSE/ASSUME"
66,"CEP","W_newsp_other_sports","  lines at Wembley. It was easy during a drab first hour at Ewood to imagine the likes of Roy Keane or Ian Durrant, not to mention Gazza, making",0.356314219208602,-1.19092079370278,1.63611155625825,"1-VIZUALIZE/PICTURE"
67,"K4W","W_newsp_other_report","  Labour's Peter Mandelson dismissed the remarks and added:' It is impossible to imagine a housing market more depressed than it is under the present Tory government. #",0.561530986543836,-1.19092079370278,0.33027226384631,"1-VIZUALIZE/PICTURE"
68,"CEW","W_biography","  his son during his engagement was later destroyed by Constanze, so we can only imagine the bitter accusations which must have passed back and forth between Salzburg and Vienna.",0.356314219208602,1.24851478410836,-0.0428246768428166,"1-VIZUALIZE/PICTURE"
69,"FAJ","W_fict_prose","  . He hands me a brown manila file, and a handwritten invoice which I imagine he is giving to me now while the connection between the reams of faxes and",-2.10628698881421,1.45180108225928,-1.1621154989102,"3-SUPPOSE/ASSUME"
70,"G3P","W_misc","  (deleted:figure) Now it is time to fight the Minotaur! Look at the picture and imagine what happened in the fight. Work out the answers to these questions. #",1.17718128854954,1.04522848595743,1.07646614522456,"1-VIZUALIZE/PICTURE"
71,"HHB","W_fict_prose","  first time on a horse, for Pete's sake. And please don't imagine that I haven't landed on my backside before today. It can happen to",-1.69585345414374,-1.19092079370278,0.516820734190873,"3-SUPPOSE/ASSUME"
72,"KBH","S_conv","  (SP:PS05B) No, not really. (SP:PS05E) Did you hear that noise? (SP:PS05J) Well imagine three pieces of felt one on top of the other (SP:PS05H) Are you pushing (unclear)",0.766747753879071,-0.78434819740092,0.88991767488,"1-VIZUALIZE/PICTURE"
73,"CDW","W_religion","  institutions are judged.' The simplest way to understand how catallaxy works is to imagine it to be a game. The Oxford English Dictionary defines a game as'",0.971964521214306,-1.19092079370278,-0.0428246768428166,"1-VIZUALIZE/PICTURE"
74,"H49","S_meeting","  on King Street just to the left of the existing tree, if you can imagine that, and coming back across the marketplace (unclear) (SP:H49PSUNK) (cough) (SP:PS1XD) where the dropped",0.971964521214306,1.65508738041021,1.9159342617751,"1-VIZUALIZE/PICTURE"
75,"H0F","W_fict_prose","  cousins you hadn't seen in years, bringing engagement presents. She tried to imagine what her own party would be like when (if) someone wanted to marry",0.971964521214306,-1.3942070918537,1.44956308591369,"1-VIZUALIZE/PICTURE"
76,"CMK","W_misc","  going cold and hungry. Happily, the reality is far rosier than many people imagine. For a start, those retiring today are better off financially than any previous",-1.49063668680851,-1.29256394277824,-1.1621154989102,"4-FALSE_PERCEPTION"
77,"H9M","W_commerce","  an illustration take the link between P t and its own past values,... Imagine that we regress the actual price index on its own past values: where the",0.971964521214306,-0.78434819740092,-0.78901855822107,"1-VIZUALIZE/PICTURE"
78,"KBF","S_conv","  care whether a man's a bit boring. (SP:PS04U) Yes. Because I can imagine Paul being sort of a homely chap. (SP:PS04Y) He is. (SP:PS04U) If he gets",0.971964521214306,1.04522848595743,0.516820734190873,"1-VIZUALIZE/PICTURE"
79,"CHA","W_pop_lore","  part of the mainstream and generally bringing the whole world down:' I could imagine Revolver being on Top Of The Pops, but I couldn't imagine David Bowie",-0.259336082797102,0.0287969952027908,-0.415921617531943,"1-VIZUALIZE/PICTURE"
80,"GUK","W_fict_prose","  been sleepwalking again. Up and down she goes, talking gibberish. You can imagine what it reminds me of, it's terribly upsetting. But Madeleine won't",0.356314219208602,0.232083293353719,-0.975567028565633,"3-SUPPOSE/ASSUME"
81,"CRK","W_religion","  third and fourth sessions approved of texts and ideas that it would be hard to imagine would have appealed to many of the bishops before the Council began. This dynamic",0.151097451873367,-0.987634495551847,-0.882292793393351,"2-THINK/BELIVE"
82,"FA2","W_misc","  excursion, remember that others may be making it too; in summer I can imagine it becoming exceedingly crowded up here and the path to the Lac de Gaube an",-0.259336082797102,0.841942187806502,1.44956308591369,"1-VIZUALIZE/PICTURE"
83,"A61","W_biography","  drew my fingers over my face, tenderly rubbing at the swellings and could well imagine what the scene looked like.' Piper, it's a bloody good job",0.766747753879071,0.841942187806502,1.63611155625825,"1-VIZUALIZE/PICTURE"
85,"CJ3","W_non_ac_nat_science","  after the first and the female the second. It is not too difficult to imagine how this could slip quietly into polyandry: females could develop the habit of mating",0.356314219208602,-0.987634495551847,-0.415921617531943,"3-SUPPOSE/ASSUME"
87,"CET","W_non_ac_nat_science","  , and a single line around it in the shape of an ellipse. (Imagine a' squashed circle' with the Sun just off-centre.) However, the",1.17718128854954,-0.78434819740092,2.19575696729194,"1-VIZUALIZE/PICTURE"
88,"KRM","S_brdcast_news","  Water, which Mr Dick is carrying out. That one will be completed I imagine within the next couple of weeks. The other one is in fact initiated by",-2.31150375614945,1.24851478410836,-1.1621154989102,"2-THINK/BELIVE"
89,"CHE","W_biography","  rock jutting out into the sea and with commanding views. It was easy to imagine that it might have been Camelot, like in the picture story-books I'd read",0.561530986543836,-1.3942070918537,0.88991767488,"1-VIZUALIZE/PICTURE"
90,"FEE","W_fict_prose","  came and said so far as she knew you were in hospital. You can imagine how that brightened my day. I croaked out, which hospital, but she",0.356314219208602,1.65508738041021,-0.78901855822107,"2-THINK/BELIVE"
91,"K74","S_speech_unscripted","  can just afford it, can we? Er, okay then Martin, I imagine as long as we keep our heads above water, then that'll be okay",-2.10628698881421,0.638655889655574,-1.1621154989102,"3-SUPPOSE/ASSUME"
92,"A95","W_newsp_brdsht_nat_report","  there are more people who can, perhaps for the first time since 1967, imagine that the Jews could go west, back into the green line, or into",0.561530986543836,-1.3942070918537,-0.415921617531943,"2-THINK/BELIVE"
93,"GV7","W_fict_prose","  people believe that there is a' Jekyll' and a' Hyde'in everybody. Imagine that there are two very different sides to your own character, and write a",0.971964521214306,-0.581061899249992,0.33027226384631,"1-VIZUALIZE/PICTURE"
94,"HHM","W_misc","  question of how they got to Machynlleth in the first place. I can only imagine that shortly before the excursions a long double headed steam train must have travelled from",0.151097451873367,1.24851478410836,0.236998028674028,"3-SUPPOSE/ASSUME"
95,"FXT","S_brdcast_discussn","  I think I'm gon na treat you to lovely apricot cheesecake. Can you imagine the lovely er biscuit base, the cheesecake, and the apricots and cream all",0.766747753879071,1.65508738041021,1.82266002660282,"1-VIZUALIZE/PICTURE"
96,"H8X","W_fict_prose","  It isn't suitable. There's no question of it.'' I imagine,' Alexandra said with difficulty, her swimming eyes still fixed on her plate",-0.259336082797102,0.0287969952027908,1.63611155625825,"2-THINK/BELIVE"
97,"CL2","W_biography","  ' thing' that was himself stand up to as many trials as he could imagine. It was like the course of trials which underline so many of the great",0.561530986543836,-0.987634495551847,-0.602470087876506,"1-VIZUALIZE/PICTURE"
98,"HDT","S_speech_scripted","  also trying to move our football club er rather a difficult exercise, you can imagine. (SP:HDTPSUNK) (clapping) (SP:PS2FU) Anyone from Leicester here? Where are the Midlands? (pause)",0.151097451873367,1.45180108225928,-0.882292793393351,"2-THINK/BELIVE"
99,"FA8","W_commerce","  achieve the synergy necessary for certain processes to occur. As it is easy to imagine, these changes produced a whole new set of issues. It became necessary to",0.356314219208602,1.85837367856114,-1.1621154989102,"3-SUPPOSE/ASSUME"
100,"G39","W_biography","  Great-Uncle Isaac, who had a farm called Dummah Hill at North Stainmore. I imagine the family considered that my father would be better off living with him because of",-1.90107022147898,0.638655889655574,-1.1621154989102,"2-THINK/BELIVE"
101,"B28","W_non_ac_polit_law_edu","  not be as' coherent'' broad' and' balanced'as the curriculum planners imagine. To illustrate this one has only to look at the account of a pupil",-1.59324507047613,-0.987634495551847,-0.882292793393351,"4-FALSE_PERCEPTION"
103,"FYB","S_interview_oral_history","  and drink. (SP:FYBPS004) Yes. (SP:PS25U) You know. Why not? (SP:FYBPSUNK) (unclear) imagine if the family is meeting round a table, and the dish is passed round",0.869356137546688,-0.987634495551847,1.35628885074141,"1-VIZUALIZE/PICTURE"
104,"JNE","S_courtroom","  re-fitted and the automatic door opener was used (pause) to open the door. I imagine you stick to your account and it follows that his account is not right.",-2.20889537248183,1.14687163503289,-0.882292793393351,"3-SUPPOSE/ASSUME"
105,"AR5","W_misc","  dogs are told and retold throughout the training clubs of Germany and as you can imagine, many German breeders want to get in on the act! The saddest story",0.561530986543836,1.45180108225928,-0.0428246768428166,"2-THINK/BELIVE"
107,"H98","W_fict_prose","  how? Why? Brampton may have been a quiet man but I can not imagine him allowing anyone to hustle him upstairs in a house full of people, tie",0.561530986543836,-1.29256394277824,1.07646614522456,"1-VIZUALIZE/PICTURE"
110,"ANL","W_fict_prose","  lifted an accusatory finger.' It is very difficult, as you can well imagine, for a parent to exercise proper control over the friendships of a daughter who",0.253705835540984,1.14687163503289,-0.882292793393351,"2-THINK/BELIVE"
111,"ATE","W_fict_prose","  change we'll lose everything -- and we might never get it back. Just imagine now, my dear brethren, if the modernists had their way we'd be",0.869356137546688,-0.987634495551847,-0.602470087876506,"1-VIZUALIZE/PICTURE"
113,"KCT","S_conv","  Can't I take them both? (SP:PS0FP) Take them both. (SP:PS0FS) I should imagine it's the shiny one but I don't (unclear)2. (SP:PS0FX) Why didn't you",-1.90107022147898,0.53701274058011,-0.322647382359662,"2-THINK/BELIVE"
114,"A70","W_pop_lore","  that interfering too much can prove to be very dangerous to a relationship.' Imagine how you would feel if you were on the receiving end of your criticism,",0.869356137546688,-0.987634495551847,-0.0428246768428166,"1-VIZUALIZE/PICTURE"
115,"JYD","W_fict_prose","  Like that lion, its fierce eyes similar to Damian's. She could just imagine him closing in for the kill. The rest of the afternoon was tainted with",0.869356137546688,-0.682705048325456,1.35628885074141,"1-VIZUALIZE/PICTURE"
116,"ABD","W_pop_lore","  antitrust laws or passing intricate rules on cross share-holdings. But it is difficult to imagine America's corporate leaders advocating a crackdown on executive wining-and-dining, even for the Japanese",0.561530986543836,-0.987634495551847,-0.882292793393351,"1-VIZUALIZE/PICTURE"
117,"JY0","W_fict_prose","  golden-haired. Not unlike Sara Calvert, and almost as pretty.' You can imagine how good they looked together,' said Penny, smiling at Juliet.'",0.869356137546688,1.45180108225928,1.35628885074141,"1-VIZUALIZE/PICTURE"
118,"K6T","S_interview_oral_history","  Yeah. (unclear) the the some of them made their own shrouds. (SP:PS5M6) I would imagine so. (SP:K6TPS000) Yeah. (SP:PS5M6) The shrouds (unclear) to be the suppliers you know",-2.20889537248183,1.45180108225928,-0.322647382359662,"2-THINK/BELIVE"
119,"CKC","W_fict_prose","  would appear that this Adamantios Andropulos, who is Hawkins's temporary guest-I could well imagine that Admiral Hawkins would use the term' guest' even if this unfortunate were",0.561530986543836,-0.682705048325456,-0.602470087876506,"3-SUPPOSE/ASSUME"
120,"H9M","W_commerce","  level of real output are determined. # 4.3 AGGREGATE DEMAND AND EQUILIBRIUM OUTPUT # Imagine that an economy's aggregate demand curve is AD in figure 4.4 and that its",0.869356137546688,-0.682705048325456,-0.882292793393351,"1-VIZUALIZE/PICTURE"
121,"J1G","W_email","  The attackers have got more experience, and probably quicker, but I can't imagine' Zico' has. Don't think he'd get much of a look-in",-1.90107022147898,0.841942187806502,-0.882292793393351,"2-THINK/BELIVE"
122,"K6Y","S_speech_unscripted","  I think everybody is. (SP:PS5N1) Sorry? (SP:PS5MU) I think everybody is. (SP:PS5N1) Yeah so imagine how you feel if you've got another two role plays to do and then",0.869356137546688,-0.987634495551847,-0.0428246768428166,"1-VIZUALIZE/PICTURE"
123,"J1G","W_email","  for replacements as he is resigned to losing Bardsley... not necessarily to Leeds Id imagine. Oh, for those who do nt know... Jobson is a centre back",-1.90107022147898,0.841942187806502,-0.882292793393351,"3-SUPPOSE/ASSUME"
124,"AHN","W_newsp_brdsht_nat_misc","  we'll come back to this view through the window a little later. I imagine that shortly after Bill and Ricky have arrived, the other guests will start coming",-1.59324507047613,-0.377775601099064,-0.0428246768428166,"2-THINK/BELIVE"
126,"K73","S_courtroom","  of course erm under G of article three doesn't it? (pause) which I imagine, but you can tell me if I'm wrong Mr (-----) is the one",-1.90107022147898,1.45180108225928,-0.882292793393351,"3-SUPPOSE/ASSUME"
127,"HE2","S_lect_humanities_arts","  somebody's personality, personality assassination by, by er a psychoanalysis. You could imagine what it's like. I mean, erm, if you didn't know",0.869356137546688,-0.987634495551847,-0.322647382359662,"1-VIZUALIZE/PICTURE"
128,"JJ7","S_unclassified","  's the problem. (SP:PS446) Well get somebody in, (SP:PS449) (unclear) (SP:PS446) Somebody who imagine they don't like it, Clare, in fact, you know. (SP:JJ7PSUNK)",-1.28541991947327,0.232083293353719,-0.882292793393351,"2-THINK/BELIVE"
129,"G02","W_fict_prose","  my eyes had made more sense of the place. While waiting I tried to imagine what she might have been thinking. For certain she would be hungry, like",0.869356137546688,-0.377775601099064,-0.322647382359662,"1-VIZUALIZE/PICTURE"
130,"HA4","W_fict_prose","  good looks, never seemed quite real to her. She found it difficult to imagine him getting something for supper.' FRYING TONIGHT. ROCK SALMON- SKATE PLAICE.",0.561530986543836,-0.987634495551847,1.35628885074141,"1-VIZUALIZE/PICTURE"
131,"A56","W_newsp_brdsht_nat_editorial","  , all at the same time. According to Lech Walesa, one can also imagine people exploding in sheer desperation -- tomorrow. Faced with this unprecedented, unique and",0.561530986543836,-0.377775601099064,1.07646614522456,"1-VIZUALIZE/PICTURE"
132,"B1X","W_fict_prose","  down by the side of the church, heading south towards Pimlico, trying to imagine how it had been on that September day all those years ago. The Dragoons",0.869356137546688,0.841942187806502,1.07646614522456,"1-VIZUALIZE/PICTURE"
133,"JXU","W_fict_prose","  too annoyed with Peter to want to prolong the call.' When do you imagine you'll get back?' she asked, tight-lipped.' As soon as",-1.90107022147898,-0.987634495551847,-1.1621154989102,"2-THINK/BELIVE"
134,"CFR","W_advert","  you advice on how to choose a carpet with a carefree, long life. Imagine dreaming in a beautifully carved bed of rich cherry wood. Its glowing looks have",0.869356137546688,-0.987634495551847,2.19575696729194,"1-VIZUALIZE/PICTURE"
135,"C9H","W_pop_lore","  playing at. Does that ring any bells?' Yeah, but you can imagine the problems that Gus would have at that time, and I could see why",0.561530986543836,-0.377775601099064,-0.602470087876506,"1-VIZUALIZE/PICTURE"
136,"A3P","W_newsp_brdsht_nat_misc","  . I'd seen the Himalayas in the autumn, so I was able to imagine them. On my previous visit, at dawn, the range had floated eerily",1.17718128854954,1.75673052948568,2.19575696729194,"1-VIZUALIZE/PICTURE"
137,"J17","W_fict_prose","  a gesture which the tape-recorder won't pick up, but which suggests, I imagine, impatience with pedantic nitpicking. All right -- you might be mistaken. Is",-1.90107022147898,1.14687163503289,-0.322647382359662,"2-THINK/BELIVE"
138,"H8S","W_fict_prose","  respectability, but it did make him seem less of a stranger. She could imagine herself mentioning it to her mother --' Oh, yes, Mum; that",0.869356137546688,-0.987634495551847,0.796643439707718,"1-VIZUALIZE/PICTURE"
139,"CDA","W_fict_prose","  currents up in the stratosphere which can move at anything up to 300 mph. Imagine a craft slipping in to one of those in excess of Mach 5 and it",0.869356137546688,-0.682705048325456,1.35628885074141,"1-VIZUALIZE/PICTURE"
140,"FPT","W_fict_prose","  often played in an old boat on the river.' Today, let's imagine that I'm a prisoner and I'm escaping from prison by boat,'",0.869356137546688,-1.59749339000463,1.9159342617751,"1-VIZUALIZE/PICTURE"
141,"A0M","W_misc","  , that is the ability to generate tremendous power from a very short action. Imagine that you have thrown an unsuccessful roundhouse kick to the opponent's head, and",0.869356137546688,-1.29256394277824,2.19575696729194,"1-VIZUALIZE/PICTURE"
143,"AS3","W_misc","  with one toe on a ledge the size of a pebble. As you might imagine, this takes some time and is also completely mental. So on gaining the",0.561530986543836,1.14687163503289,-0.602470087876506,"2-THINK/BELIVE"
144,"HP6","W_misc","  must you?). # Life with Holmes # Puppy Love # You can imagine the eager anticipation I felt when following the death of our much loved 16 year",0.253705835540984,1.45180108225928,-0.602470087876506,"1-VIZUALIZE/PICTURE"
145,"H7F","W_fict_prose","  weeks before you can claim Unemployment Benefit. If you are eligible, which I imagine you will be, you may claim Supplementary Benefit during the interim. "" """,-1.90107022147898,0.232083293353719,-1.1621154989102,"3-SUPPOSE/ASSUME"
146,"JXU","W_fict_prose","  , if you want to get rid of me, you can't begin to imagine how much I want to be rid of you! I want you and everything",0.869356137546688,1.75673052948568,-0.602470087876506,"2-THINK/BELIVE"
147,"EVA","W_non_ac_soc_science","  us, it seems commonplace and obvious that we should be able to think, imagine, perceive and remember in the ways that we do, and we tend to",0.561530986543836,0.232083293353719,-1.1621154989102,"1-VIZUALIZE/PICTURE"
148,"KCT","S_conv","  Yep. (SP:PS0FR) And he picked up four people on his, on that, imagine your the bus driver. (SP:PS0FP) Yeah. (SP:PS0FR) A man went to Edinburgh (SP:PS0FP)",0.869356137546688,-1.29256394277824,1.07646614522456,"1-VIZUALIZE/PICTURE"
149,"AN7","W_fict_prose","  , as John had put it, in her courting days. She couldn't imagine it, Laura had never seemed the sizzling type. But then did you ever",0.869356137546688,0.53701274058011,0.796643439707718,"1-VIZUALIZE/PICTURE"
150,"HHV","W_hansard","  when he tabled this question. Even with his fancifulness, it is hard to imagine the civil service employing anyone who is not either a man or a woman.",0.561530986543836,-0.682705048325456,-0.882292793393351,"1-VIZUALIZE/PICTURE"
151,"H8B","W_fict_prose","  .' Think before they answer your questions, do they?' He could imagine the unfamiliarity of such an approach to a policeman used to witnesses who worked on",0.561530986543836,1.45180108225928,-0.322647382359662,"1-VIZUALIZE/PICTURE"
152,"JY9","W_fict_prose","  stock and barrel, so now the parque aqutico will be their baby. I imagine they'll be keen to start work as soon as possible in the hope of",-1.59324507047613,1.14687163503289,-0.0428246768428166,"2-THINK/BELIVE"
153,"G4X","S_meeting","  (unclear) (SP:PS271) Well I mean she No I don't know no. But I imagine it'll all be people on that list who were involved in training, I",-1.90107022147898,0.841942187806502,-0.882292793393351,"3-SUPPOSE/ASSUME"
154,"KC2","S_conv","  ? (SP:PS09T) Oh yeah, the largest (SP:KC2PSUNK) (unclear) (SP:PS09T) camp in Europe I should imagine. (SP:PS0A0) Is it? (SP:PS09T) There's one in America, Belgium, French",-2.20889537248183,0.841942187806502,0.236998028674028,"2-THINK/BELIVE"
155,"AE7","W_non_ac_nat_science","  descendant. This shuffling around of genes greatly complicates the analysis of evolution. Thus imagine that the living world was really as imagined in Figure 1. Then the criteria",0.869356137546688,-1.29256394277824,1.07646614522456,"1-VIZUALIZE/PICTURE"
156,"BM5","W_pop_lore","  and Renaults made in the same factory? In the long term, I can imagine using the same factories if we use the same platform and fit many of the",0.253705835540984,-0.377775601099064,-0.602470087876506,"1-VIZUALIZE/PICTURE"
157,"HHB","W_fict_prose","  she must make a move to release herself from his embrace -- otherwise he'd imagine she was actually waiting to be kissed. And as they continued along the path",-1.28541991947327,-0.377775601099064,1.07646614522456,"4-FALSE_PERCEPTION"
158,"AEA","W_fict_prose","  Mn had a history! Would it have an independent future? Elisabeth could not imagine it changing much. It would be good to live here permanently, at the",0.561530986543836,-0.987634495551847,-0.882292793393351,"1-VIZUALIZE/PICTURE"
159,"CM4","W_fict_prose","  askance at Meh'Lindi. Did he detect the heat-profile of an Assassin? Did he imagine he had already been judged and condemned? Lesser lords would be only too eager",-1.28541991947327,-0.377775601099064,-0.602470087876506,"4-FALSE_PERCEPTION"
160,"AE0","W_fict_prose","  not be resting. It was time for her afternoon appointment. I didn't imagine Surkov's misfortune would entirely spoil her amorous pleasure. For myself, I lay",-1.90107022147898,-0.682705048325456,-0.322647382359662,"2-THINK/BELIVE"
161,"ADG","W_non_ac_soc_science","  's their problem, if they can't keep their eyes on the road. Imagine if you walked down a street and said to a man,' Hey,",0.869356137546688,-0.987634495551847,1.35628885074141,"1-VIZUALIZE/PICTURE"
163,"K79","S_speech_unscripted","  contest er the Vietcong on the ground. Well that failed (pause) as you would imagine it to fail if you take the civil war in Vietnam as being in effect",0.253705835540984,1.45180108225928,-0.322647382359662,"3-SUPPOSE/ASSUME"
164,"GVP","W_fict_prose","  isn't it?' said Jack, frowning. Melissa shrugged.' I imagine his very own murder enquiry is every newly promoted police inspector's dream.'",-1.90107022147898,0.841942187806502,-0.322647382359662,"2-THINK/BELIVE"
165,"H84","W_fict_prose","  her last letter, Aahmes had spoken of a new marriage. Huy tried to imagine her going through the simple ceremony with someone else, and could not. What",1.17718128854954,-0.377775601099064,1.07646614522456,"1-VIZUALIZE/PICTURE"
166,"A73","W_fict_prose","  explaining how to get dental treatment on the National Health Service. You couldn't imagine anyone sitting here with a handkerchief pressed to a swollen jaw. The walls were",0.561530986543836,-0.682705048325456,1.9159342617751,"1-VIZUALIZE/PICTURE"
167,"H89","W_misc","  king. We were just like your Sean Connery.' Somehow I couldn't imagine Chaman and her household taking on Goldfinger or seducing Ursula Andress, but I let",0.561530986543836,-1.29256394277824,-0.0428246768428166,"1-VIZUALIZE/PICTURE"
168,"CH6","W_newsp_tabloid","  thing. But then again, very few people do.' As you can imagine, it is a pretty filling meal.' He seemed to enjoy it.",0.253705835540984,1.14687163503289,-0.322647382359662,"2-THINK/BELIVE"
169,"AT3","W_misc","  springs were flattened. Mick and Paddy were careful drivers and it was hard to imagine what further precautions they could take to prevent the even weaker rims from shearing again",0.561530986543836,-0.377775601099064,-0.602470087876506,"3-SUPPOSE/ASSUME"
171,"G1M","W_fict_prose","  ' Legion?'' Indescribable.'' Nice one!'' But imagine, if you are able, watching small creatures floating on the surface of a",0.869356137546688,-0.682705048325456,2.19575696729194,"1-VIZUALIZE/PICTURE"
172,"FSC","W_fict_prose","  How women who don't have professions manage to keep themselves sane I can not imagine!'' You could never give up the law, could you?'",0.869356137546688,-0.0728461538726729,-0.0428246768428166,"1-VIZUALIZE/PICTURE"
173,"AR0","W_non_ac_soc_science","  century' are directly due to railway speed; that is, we can scarcely imagine the possibility of their development in the absence of railways. These phenomena included'",0.561530986543836,-0.0728461538726729,-0.602470087876506,"1-VIZUALIZE/PICTURE"
174,"FEU","W_misc","  may have had even in locating a book on the shelves in your room, imagine what a formidable task it is to arrange hundreds of thousands of books in a",0.561530986543836,1.14687163503289,-0.0428246768428166,"1-VIZUALIZE/PICTURE"
175,"CEC","W_fict_prose","  very sorry about this Spidex business, Rober'. More sorry than you might imagine. When you and Chantal arrived at that accommodation agency I had just been talking",-0.977594768470423,0.841942187806502,-0.882292793393351,"2-THINK/BELIVE"
177,"K3J","W_newsp_other_social","  . I could listen to them all day long.' #' I can imagine how people at home feel now.' # Princess and the pooch # PRINCESS",0.561530986543836,1.14687163503289,-0.602470087876506,"1-VIZUALIZE/PICTURE"
178,"CDK","W_misc","  but effective way of honing in on the most meaningful elements of your life. Imagine that you only have five years left to live. Write down a list of",0.869356137546688,-0.987634495551847,-0.602470087876506,"1-VIZUALIZE/PICTURE"
179,"CCT","W_commerce","  credit affects the general pattern of credit use. Also, how potential credit users imagine that granters will behave -- not necessarily the same thing as how they actually will",-0.977594768470423,-0.682705048325456,-0.602470087876506,"4-FALSE_PERCEPTION"
180,"ADW","W_non_ac_soc_science","  . Nobody in Kufra had ever owned a factory, but many were able to imagine what it would be like to find that the workers had become partners. Few",0.561530986543836,-0.987634495551847,-0.602470087876506,"1-VIZUALIZE/PICTURE"
181,"AAV","W_newsp_brdsht_nat_misc","  Aunt Elspeth's Home Made everything whilst I... but do not permit myself to imagine naughty idyll at Porritt Gardens. Must check present list first. At least confident",0.561530986543836,-0.377775601099064,1.63611155625825,"1-VIZUALIZE/PICTURE"
182,"C9K","W_pop_lore","  definitely helps you with the next tough part.' But, as you can imagine, it got pretty sick in some places because we were being so exact.",0.253705835540984,1.14687163503289,-0.882292793393351,"2-THINK/BELIVE"
184,"G0W","W_non_ac_soc_science","  is not surprising that few people exist who have ideal qualifications. After all, imagine the job advert, which might read something like this: Professional Community Interpreter trainer",0.561530986543836,0.841942187806502,1.35628885074141,"1-VIZUALIZE/PICTURE"
185,"CAP","W_misc","  of deaf mothers, who needed to be greeted and dealt with individually.' Imagine the receptionist looking down at her list of patients, and saying' Mrs Brown",0.869356137546688,1.45180108225928,1.9159342617751,"1-VIZUALIZE/PICTURE"
186,"GVU","W_commerce","  . The likelihood of this occurring increases when budgets are used to control spending. Imagine a department which can see that it is going to overspend its budget. Rather",0.869356137546688,-0.377775601099064,-0.602470087876506,"1-VIZUALIZE/PICTURE"
187,"CDN","W_fict_prose","  that last drink or that last kiss. That girl was unbelievable. Who would imagine that a thin, stuck-up-looking type like that could know so much? And yet",0.869356137546688,1.45180108225928,-0.602470087876506,"2-THINK/BELIVE"
188,"KRT","S_brdcast_news","  of Brackley says' It'll be another physical match'. (SP:PS68L) I would imagine it'll be a very, very similar sort of game, er hopefully we",-1.90107022147898,-0.377775601099064,-0.0428246768428166,"2-THINK/BELIVE"
190,"HD4","W_letters_personal","  to (-----) -- but am amazed you only used ten units of electricity. I imagine you are (a) hardy and (b) had a bath in the",-1.90107022147898,1.45180108225928,-0.602470087876506,"3-SUPPOSE/ASSUME"
191,"J17","W_fict_prose","  ' SUMMERCHILD:' I'm perfectly happy here...' Yes, I can imagine saying that. SERAFIN: Have indeed just said it. SUMMERCHILD: Yes,",0.253705835540984,-0.987634495551847,0.236998028674028,"1-VIZUALIZE/PICTURE"
192,"A7P","W_pop_lore","  aunt, who said that, at the age of 50, she couldn't imagine herself needing it again. It's just as well -- I cut two holes",0.561530986543836,-0.682705048325456,-0.602470087876506,"1-VIZUALIZE/PICTURE"
193,"F9C","W_fict_prose","  was about the limit. Sometimes it was much less. Tonight he tried to imagine what the Corsican looked like in a rage. This worked for a while.",0.869356137546688,0.841942187806502,1.9159342617751,"1-VIZUALIZE/PICTURE"
194,"CFY","W_fict_prose","  the table and stared up at him --' please don't be polite. Imagine you're at home and you're not going back to that madhouse. That",0.869356137546688,-0.987634495551847,1.35628885074141,"1-VIZUALIZE/PICTURE"
196,"CMJ","W_fict_prose","  Church establishment for what you see as its treatment of clergy families, and you imagine that this might be achieved by humiliating Peter, then yes, defiance.'",-1.59324507047613,-0.377775601099064,-0.602470087876506,"2-THINK/BELIVE"
197,"CGE","W_religion","  . # Scream and shout # Those who have never lived through it can hardly imagine the fuss that little children can make if they do not get their own way",0.561530986543836,1.14687163503289,1.35628885074141,"1-VIZUALIZE/PICTURE"
198,"K55","W_newsp_other_report","  this is something we do not wish to be associated with; we can only imagine they are trying to get some kind of spurious respectability by using our name.",0.253705835540984,1.14687163503289,-0.602470087876506,"3-SUPPOSE/ASSUME"
199,"HGE","W_fict_prose","  doubt that she was actually living in the district -- although why he could not imagine. He sat down by Sally-Anne, his ruined cheek slightly averted, poured himself",0.561530986543836,0.53701274058011,-0.602470087876506,"3-SUPPOSE/ASSUME"
200,"KBY","S_conv","  will. (pause) Oh they're terrible! Ooh! How awful! (SP:PS10L) Just imagine it's twelve pounds (SP:PS10M) Mm. (SP:PS10L) (unclear)2. (SP:PS08X) So you sent twelve pounds?",0.253705835540984,-0.682705048325456,-0.882292793393351,"1-VIZUALIZE/PICTURE"
201,"H9D","W_fict_prose","  Plenty of spunk. Gave him hell when he stepped out of line, I imagine. But made it up pretty quickly afterwards. Like they all do, eh",-2.20889537248183,1.45180108225928,-0.602470087876506,"3-SUPPOSE/ASSUME"
202,"CDV","W_non_ac_humanities_arts","  us that matters would not stay there. Kind as he is, one can imagine Boromir as a Ringwraith; his never-quite-stated opinion that' the end justifies the means",0.561530986543836,-1.29256394277824,1.9159342617751,"1-VIZUALIZE/PICTURE"
203,"EVA","W_non_ac_soc_science","  "" isolated "" and even "" unimaginative "" in the sense that we can not imagine something else during the action of a dream. (This theory is more fully",0.869356137546688,-1.59749339000463,-0.602470087876506,"1-VIZUALIZE/PICTURE"
204,"CJD","W_non_ac_humanities_arts","  feet.) To better appreciate the size of the sea, one can perhaps imagine it heaped up into a cube. Each side would be 690 miles long --",0.869356137546688,-1.29256394277824,1.9159342617751,"1-VIZUALIZE/PICTURE"
205,"C9M","W_pop_lore","  in picking up more of the vibrating string, thanks to some added width. Imagine a normal single coil split in the middle, with one side then reversed;",0.869356137546688,0.841942187806502,1.9159342617751,"1-VIZUALIZE/PICTURE"
206,"CKD","W_fict_prose","  's leather apron being tied in place and, for a moment, she could imagine her father was with her again, big and comforting, a shield between Hari",0.561530986543836,-1.59749339000463,1.9159342617751,"1-VIZUALIZE/PICTURE"
207,"BN6","W_biography","  she became an abandoned person in a mostly abandoned dale. It is hard to imagine anyone else in this island who was more isolated and more materially deprived. Yet",0.561530986543836,0.232083293353719,1.35628885074141,"1-VIZUALIZE/PICTURE"
208,"H9M","W_commerce","  interaction between all markets is considered, As an illustration of such spill-over effects, imagine an economy with only two markets -- a labour market and a goods market.",0.869356137546688,-0.987634495551847,-0.602470087876506,"1-VIZUALIZE/PICTURE"
209,"CCA","W_fict_prose","  the yard through the main door, and not, as some girls seem to imagine, from the upstairs windows. On entering the yard through the correct entrance,",-1.59324507047613,-1.29256394277824,-0.0428246768428166,"4-FALSE_PERCEPTION"
210,"A11","W_misc","  to form the mainstay of Railfreight Coal's operations, and it is difficult to imagine a more efficient alternative. Railborne steel traffic suffered in proportion to the cutbacks in",0.561530986543836,-0.0728461538726729,-1.1621154989102,"1-VIZUALIZE/PICTURE"
212,"JXS","W_fict_prose","  to automatic.' Something to do with the state of your conscience. I imagine you have a great deal to keep you awake at night.' As she",-2.20889537248183,1.45180108225928,-1.1621154989102,"2-THINK/BELIVE"
213,"FMD","S_consult","  costs you in the end so. (SP:PS1SR) Yes (unclear) (SP:PS1SP) But erm I I imagine their rate of interest would be kept fairly low. (SP:PS1SR) Yeah well I anyway",-1.90107022147898,0.232083293353719,-0.882292793393351,"2-THINK/BELIVE"
215,"AHK","W_newsp_brdsht_nat_misc","  situation between the English-speakers of London and those of Buenos Aires and Port Stanley. Imagine how we felt when we heard talk, on the BBC, of the possible",0.561530986543836,1.14687163503289,-0.882292793393351,"1-VIZUALIZE/PICTURE"
216,"GV8","W_fict_prose","  bedroom had long ago been turned into an office. Besides, he could just imagine Cashman's fury if he discovered that Cindy had been staying unchaperoned with Matthew.",0.561530986543836,0.841942187806502,-0.0428246768428166,"1-VIZUALIZE/PICTURE"
217,"EEW","W_fict_prose","  didn't. And I should imagine from looking at you, you didn't imagine I'd be home so soon either.'' I can explain,'",-1.90107022147898,1.45180108225928,-0.882292793393351,"2-THINK/BELIVE"
219,"A0X","W_pop_lore","  for some, but for myself, I can neither draw accurately nor can I imagine without a picture or actual model to start from. Consequently I find myself spending",0.869356137546688,-0.987634495551847,0.796643439707718,"1-VIZUALIZE/PICTURE"
220,"A0X","W_pop_lore","  run away from you', and they can do more damage than you'd imagine. This tendency to catch and pull happens most often when approaching the workpiece,",-0.977594768470423,0.841942187806502,-0.322647382359662,"2-THINK/BELIVE"
224,"HA4","W_fict_prose","  believe the pub on the corner's quite good.'' I can't imagine you in a pub,' said John,' or Mr Cantrell, for",0.561530986543836,-1.29256394277824,1.63611155625825,"1-VIZUALIZE/PICTURE"
225,"HJE","W_pop_lore","  water's surface and try to visualise exactly what is happening beneath it -- to imagine the fish in their own world and how best it might be to get a",0.869356137546688,1.45180108225928,1.63611155625825,"1-VIZUALIZE/PICTURE"
227,"KE1","S_conv","  now! (SP:PS0TU) (laugh) (SP:PS0TW) (unclear) they do. (SP:PS0TW) (unclear) (SP:PS0TW) You, you imagine what she'll do. (SP:PS0TU) (laugh) (SP:PS0TW) What's wrong with you? (SP:PS0TW)",0.561530986543836,-0.377775601099064,-0.602470087876506,"1-VIZUALIZE/PICTURE"
228,"H9U","W_fict_prose","  , and a high brick wall all round it. It would be hard to imagine a more unwelcoming place. But it suited Moore perfectly. He went to find",0.869356137546688,-0.987634495551847,0.796643439707718,"1-VIZUALIZE/PICTURE"
229,"KPV","S_conv","  sitting like this, sitting on the pavement, with our umbrellas up (unclear) (SP:KPVPSUNK) Imagine what it'd be like, when it's really cold. (SP:KPVPSUNK) And I",0.561530986543836,-0.377775601099064,-0.322647382359662,"1-VIZUALIZE/PICTURE"
230,"CEY","W_fict_prose","  be crowing. Do you never think about anything but yourself? Don't you imagine I deserve some consideration? You wouldn't dare behave like this if your father",-1.90107022147898,1.14687163503289,-0.882292793393351,"2-THINK/BELIVE"
231,"HWE","W_fict_prose","  ! Go along with you.' It was evident that Mrs Funnell could not imagine her great-granddaughter drinking brandy and port mixed. She addressed Lizzie now, saying,",0.561530986543836,0.841942187806502,1.35628885074141,"1-VIZUALIZE/PICTURE"
232,"JJH","S_unclassified","  Turncoats to traditions and (unclear) (SP:PS46G) Right now, we've a lot there. Imagine then that there's this group of people, if, can you see now",0.869356137546688,-0.987634495551847,1.07646614522456,"1-VIZUALIZE/PICTURE"
233,"B1L","W_misc","  sectarian crank somewhere in Scotland who will count the references to the two clubs and imagine the book to be biased. It is. It is biased in favour of",-1.90107022147898,1.14687163503289,-0.882292793393351,"2-THINK/BELIVE"
234,"CA2","W_pop_lore","  Susanna spent five years developing and writing this book. It would be difficult to imagine a knitted fabric that is not included, but then that was Susanna's intention",0.561530986543836,-0.682705048325456,1.07646614522456,"1-VIZUALIZE/PICTURE"
235,"GW3","W_fict_prose","  expect much.' Mr Horton's voice and manner were soothing. One could imagine him in the witness box, speaking in a dull monotone, taking his time",0.869356137546688,-0.0728461538726729,1.9159342617751,"1-VIZUALIZE/PICTURE"
236,"CR4","W_non_ac_soc_science","  be challenged. Simply' tightening the legislation' will not have the results some imagine. Section 25 of the Children Act 1989 requires local authorities to obtain a youth",-1.28541991947327,-0.682705048325456,-0.882292793393351,"4-FALSE_PERCEPTION"
237,"CA6","W_biography","  or jumper? Yes, I think I caught her on the hop. I imagine she was resting and over-ran her time. I do not understand Americans, and",-1.90107022147898,1.14687163503289,-0.882292793393351,"3-SUPPOSE/ASSUME"
238,"G3P","W_misc","  most senior of the three teachers here? # PUNISHMENT # Thinking about the story Imagine that you are Harkness and want to tell the story of the day your brother",0.869356137546688,-0.377775601099064,1.07646614522456,"1-VIZUALIZE/PICTURE"
239,"G0W","W_non_ac_soc_science","  , not for the first time in the history of education! Now I would imagine that the aim is for the English retrainer of the French teacher of English,",-1.90107022147898,1.14687163503289,-0.882292793393351,"2-THINK/BELIVE"
240,"EEW","W_fict_prose","  in bed, clutching her thin bedding around her and wondering how her mind could imagine such things.' Miss Milligan,' a man said somewhere in the haze",0.561530986543836,-1.29256394277824,0.796643439707718,"1-VIZUALIZE/PICTURE"
241,"HA0","W_fict_prose","  the bottom of the slope before us, a stage became illuminated. You must imagine this as an entirely gradual process, not easily represented in words. A. Pause",0.561530986543836,1.14687163503289,-0.882292793393351,"1-VIZUALIZE/PICTURE"
242,"GV8","W_fict_prose","  she leaned across the table and put her hand on his. She tried to imagine Cameron doing something so thoughtful. Or even Carlo San Lorenzo. It was impossible",0.869356137546688,-1.29256394277824,-0.322647382359662,"1-VIZUALIZE/PICTURE"
243,"FAP","W_fict_prose","  long enough to make a statement. That's another thing. You don't imagine a hired gun would do a sloppy job like that do you?''",-1.59324507047613,-0.0728461538726729,0.516820734190873,"2-THINK/BELIVE"
244,"FRJ","W_fict_prose","  Why he should think there was anything special about his troubles, Zvi couldn't imagine. All the men of the community who had to travel to the country every",0.253705835540984,-0.377775601099064,-0.882292793393351,"3-SUPPOSE/ASSUME"
245,"HGY","W_fict_prose","  a lame smile. She could hear Feargal treading softly down behind her, could imagine the stupid grin on his face, and, with a last determined effort,",0.561530986543836,1.45180108225928,2.19575696729194,"1-VIZUALIZE/PICTURE"
246,"HSF","W_pop_lore","  tomorrow's generation -- continuing economic growth would indeed argue the other way round. Imagine telling a hungry nineteenth-century railway navvy that he must pay higher taxes to help meet",0.561530986543836,-1.29256394277824,-0.602470087876506,"1-VIZUALIZE/PICTURE"
247,"H8J","W_fict_prose","  inclined to turn her nose up at anything outside London or Paris, so I imagine an hour could see her back at the flat.'' Right; I",-1.90107022147898,0.841942187806502,-0.882292793393351,"2-THINK/BELIVE"
248,"H9M","W_commerce","  on equation (6.25) by equation (6.24). To see this, imagine estimating the DM equation in equation (6.25) by OLS to obtain an estimate",0.561530986543836,-0.682705048325456,-0.602470087876506,"1-VIZUALIZE/PICTURE"
249,"G32","W_pop_lore","  Clancy.' That is not something you can achieve on your own.' Imagine the commercial break during News at Ten. You have just seen three adverts for",0.561530986543836,1.14687163503289,0.796643439707718,"1-VIZUALIZE/PICTURE"
250,"FA2","W_misc","  are patches of grimy, left-over snow to be had. It is hard to imagine it ever turning quite summery up here. The other Nouvielle lakes are infinitely more",0.869356137546688,-0.987634495551847,1.35628885074141,"1-VIZUALIZE/PICTURE"
251,"FRC","W_fict_prose","  watched her most, unless the brothers took turns. But somehow she could not imagine Francie putting his eye to the keyhole, even only once, just to see",0.869356137546688,-0.987634495551847,1.9159342617751,"1-VIZUALIZE/PICTURE"
252,"JYM","S_unclassified","  write down write down what erm (unclear) of what we're trying to reveal. Imagine now communication I'm talking about not only through letter and telephone I'm talking",0.561530986543836,0.232083293353719,-0.602470087876506,"1-VIZUALIZE/PICTURE"
253,"K5L","W_newsp_other_social","  determination to avoid causing' unnecessary hardship' to the few part-time English drift-netters. Imagine the uproar if these drift-netters had been intercepting salmon going to France or Germany.",0.869356137546688,-0.987634495551847,0.236998028674028,"1-VIZUALIZE/PICTURE"
254,"G0Y","W_fict_prose","  don't know you all that well as yet, of course, but I imagine you're not a person who throws emotions around, yourself?'' No",-0.669769617467571,0.232083293353719,-0.602470087876506,"2-THINK/BELIVE"
255,"C8D","W_fict_prose","  Hasn't seen one for years. Afraid they'll clap her away, I imagine.'' Does she work?'' Yes. Goes to the factory",-1.90107022147898,0.232083293353719,-0.602470087876506,"2-THINK/BELIVE"
256,"EDY","W_religion","  already existed, and the cohort had been mustered to quell it. One must imagine five or six hundred soldiers swarming into the Garden of Gethsemane. One must also",0.561530986543836,0.841942187806502,1.63611155625825,"1-VIZUALIZE/PICTURE"
257,"KP1","S_conv","  of your coursework you mean? (SP:PS50X) Yeah. Think so. (pause) Oi, imagine living in one of those houses there you'd be woken up all night by",0.561530986543836,-0.987634495551847,-0.0428246768428166,"1-VIZUALIZE/PICTURE"
258,"HDM","S_interview_oral_history","  meetings and that sort of thing (SP:PS22N) (laughing) yes. (SP:PS22P) (laughing) as you could imagine because erm they had all the whole building to erm to roam about in (SP:PS22N)",-0.669769617467571,0.841942187806502,-0.602470087876506,"2-THINK/BELIVE"
260,"ECX","W_pop_lore","  and make a glide approach. Fortunately we had fairly stable air but I would imagine that with some thermal activity glide approaches could be fairly tricky to judge and particularly",-2.20889537248183,-0.682705048325456,-0.882292793393351,"3-SUPPOSE/ASSUME"
261,"JSU","S_classroom","  Squirrels, erm so we can't see any of those things but we can imagine them, can't we? You can imagine the squirrels running up and down",0.561530986543836,0.232083293353719,1.63611155625825,"1-VIZUALIZE/PICTURE"
262,"HA0","W_fict_prose","  first time away from the States. I'm real excited, as you can imagine, and greatly looking forward to the adventure.' This was said with a",0.253705835540984,1.75673052948568,-0.602470087876506,"2-THINK/BELIVE"
263,"K3X","W_newsp_other_social","  , premiered last night, is beginning a national tour. It seems difficult to imagine it translating even across the Mersey. # England boss keeps his cool despite national",0.561530986543836,-0.987634495551847,-0.882292793393351,"1-VIZUALIZE/PICTURE"
264,"A1E","W_newsp_brdsht_nat_commerce","  to our desks in search of pen and paper, nor is it easy to imagine squeezing into packed village halls to listen to speeches demanding a rewrite of the rules",0.561530986543836,-0.377775601099064,1.63611155625825,"1-VIZUALIZE/PICTURE"
265,"HA4","W_fict_prose","  and lots of wine,' said Penelope impetuously.' Yes, but just imagine the practical difficulties. And of course the outward trappings......' He paused.",0.253705835540984,1.45180108225928,-0.322647382359662,"1-VIZUALIZE/PICTURE"
266,"HTN","W_fict_prose","  . People are so trusting and hopeful, they only have to see you to imagine they're cured. Cured? It'll last till tomorrow. Then they'll",0.253705835540984,-1.59749339000463,-0.602470087876506,"4-FALSE_PERCEPTION"
267,"AD1","W_fict_prose","  'll get you a drink, though for the life of me I can't imagine why you are cold. Enough bedding for a great frost.' As Alida",0.561530986543836,1.45180108225928,-0.882292793393351,"3-SUPPOSE/ASSUME"
268,"HDL","S_interview_oral_history","  one a Six B run, a Two and a Four. (laugh) You can imagine that some drivers er went the wrong way, and (unclear) it was just that",0.253705835540984,0.841942187806502,1.07646614522456,"2-THINK/BELIVE"
269,"EB3","W_pop_lore","  law. And there is the leg-bye law, which is utterly cuckoo. Just imagine going into a court of law to argue a case depending on its provisions.",0.561530986543836,-1.29256394277824,1.07646614522456,"1-VIZUALIZE/PICTURE"
270,"ANL","W_fict_prose","  , which allowed me to take a degree at London University. As you can imagine, I have paid them back a hundredfold.'' And when did you",0.253705835540984,1.75673052948568,-0.882292793393351,"2-THINK/BELIVE"
272,"ADM","W_non_ac_soc_science","  contained the largest collection of secondhand books about Ireland in the world (I should imagine), going back to the days of Swift and beyond. Framed colour photographs",-1.90107022147898,1.14687163503289,1.07646614522456,"2-THINK/BELIVE"
273,"CHG","W_fict_prose","  on every two hours until the pain has gone completely.' I don't imagine that he felt any easier immediately I applied the hot blankets, but suggestion is",-0.361944466464719,-0.987634495551847,-0.602470087876506,"2-THINK/BELIVE"
274,"KRH","S_brdcast_discussn","  to the very early days, and these are difficult I think for us to imagine because we're so used today to sound films, of all the effects in",0.869356137546688,1.75673052948568,0.796643439707718,"1-VIZUALIZE/PICTURE"
275,"CA3","W_fict_prose","  know. You always seem so -- I don't know -- I can't imagine you nervous, about real things. You seem so...'' What?",0.561530986543836,-0.987634495551847,-0.0428246768428166,"1-VIZUALIZE/PICTURE"
277,"AM0","W_advert","  seeing traditional Greece and still having a great holiday with all the nightlife you can imagine. Also, as with most undiscovered places, it won't put too big",0.253705835540984,-0.682705048325456,1.07646614522456,"1-VIZUALIZE/PICTURE"
278,"G1Y","W_religion","  . From the knowledge I have acquired so far of Johnson, I can not imagine him forbearing to make comment, nor can I imagine Boswell not seeking advice and",0.561530986543836,-0.987634495551847,-0.322647382359662,"1-VIZUALIZE/PICTURE"
279,"K95","W_fict_prose","  of one of the chairs. Of course, terrible though it might be to imagine, Mistress Philippa had the cool nerve and composure to be a murderess, and",0.561530986543836,0.841942187806502,0.236998028674028,"1-VIZUALIZE/PICTURE"
280,"HGS","W_fict_prose","  Telling my boatman to wait, I followed Frankenstein at a distance. Can you imagine what my excitement was? I assume you can not, for already the feelings",0.561530986543836,1.75673052948568,-0.882292793393351,"1-VIZUALIZE/PICTURE"
281,"HGV","W_fict_prose","  interested voice.' Yes, I see. Rather like seizure, I should imagine. Faintness and palpitations?'' Some-something of the sort,' Theda said",-1.90107022147898,1.14687163503289,-0.882292793393351,"2-THINK/BELIVE"
282,"A7D","W_pop_lore","  decaying steadily for years: their owners had no use for them and could not imagine that anyone else would. Two things have changed this situation. First, planning",0.561530986543836,-0.377775601099064,-0.882292793393351,"2-THINK/BELIVE"
283,"H9D","W_fict_prose","  ' A home! A home!' Viola nearly shrieked.' Can you imagine ME in a HOME?' Greg blenched before the tempest he had stupidly unleashed",0.253705835540984,-0.987634495551847,0.796643439707718,"1-VIZUALIZE/PICTURE"
284,"G0X","W_fict_prose","  and she denounced herself for a masochist. Do I, she asked herself, imagine that because I have lost a man I am in the same category as spotty",-1.90107022147898,-0.987634495551847,-0.322647382359662,"2-THINK/BELIVE"
285,"KAF","W_misc","  Camping Gear on the train with us instead of hiring a lorry. Can you imagine the pandemonium we caused? It was alright at Euston Station on the way up",0.561530986543836,1.14687163503289,0.796643439707718,"1-VIZUALIZE/PICTURE"
286,"DCJ","S_speech_unscripted","  . Danish war (pause) the wars in Denmark and Austria and Prussia (pause) one might imagine a rather short- lived er (pause) war. (SP:DCJPSUNK) How long did it take (unclear)",0.253705835540984,0.53701274058011,-0.602470087876506,"1-VIZUALIZE/PICTURE"
287,"HGT","W_fict_prose","  do want to go home,' she repeated.' Yes, I should imagine you do,' he said evenly, eyeing her with ill-concealed boredom.'",-1.90107022147898,1.14687163503289,-0.882292793393351,"2-THINK/BELIVE"
288,"C8T","W_fict_prose","  would suggest a degree of personal experience. I think I said I couldn't imagine ever finding her physically attractive. A PA who is personable and highly efficient but",0.561530986543836,-1.29256394277824,-0.0428246768428166,"1-VIZUALIZE/PICTURE"
289,"KC0","S_conv","  driving? (SP:PS092) No. No. (SP:PS08Y) They'll be exercised in other ways I imagine will they? (SP:PS092) Exercised, yeah, they're exercised, normal exercise during",-1.90107022147898,1.14687163503289,-0.602470087876506,"2-THINK/BELIVE"
290,"KPH","S_conv","  really nice though, Baileys, Tequila (SP:PS55U) I can imagine, I can just imagine it. (SP:PS55T) Grenadine. (pause) (SP:PS55U) Grenadine. (SP:PS55T) Well you just mix it",0.561530986543836,1.14687163503289,0.236998028674028,"1-VIZUALIZE/PICTURE"
291,"G3G","W_fict_prose","  they took the job too seriously. So I got away.' I could imagine -- and I knew the guards wouldn't quickly forget her. Mala is not",0.253705835540984,1.45180108225928,-0.602470087876506,"2-THINK/BELIVE"
292,"K78","S_lect_polit_law_edu","  very briefly that history to get an understanding of contemporary federalism. If you can imagine at the convention the bias was very much towards preserving states' independence. If",0.253705835540984,1.45180108225928,-0.602470087876506,"3-SUPPOSE/ASSUME"
293,"A68","W_biography","  where Hoskyns might lead the Churches. Those who encouraged new translations did not yet imagine what would happen. The bishops expected the hallowed Authorized Version to maintain its mastery",0.253705835540984,1.75673052948568,-0.602470087876506,"1-VIZUALIZE/PICTURE"
294,"C9H","W_pop_lore","  It just depends on what kind of player you are. It's hard to imagine a guitar further from the honourable but over-copied Martin tradition, both in feel and",0.869356137546688,-0.682705048325456,-0.0428246768428166,"1-VIZUALIZE/PICTURE"
295,"AS7","W_fict_prose","  , intimately. Writing about fishing, as I do, brings problems. People imagine that just because you write about fishing, you are also an expert angler.",-1.28541991947327,0.53701274058011,-0.882292793393351,"4-FALSE_PERCEPTION"
296,"APJ","W_misc","  hospital. It is a large, modern building and it would be easy to imagine oneself in a hospital except for the noise, cheerful bustle and attractive classrooms.",0.561530986543836,-1.29256394277824,1.35628885074141,"1-VIZUALIZE/PICTURE"
297,"CJJ","W_fict_prose","  Lexandro who lived such an unimaginable, foreign life. As the boy strove to imagine that life, so his countenance rippled, the tattooed spider twitching and convulsing.",0.869356137546688,-0.377775601099064,-0.0428246768428166,"1-VIZUALIZE/PICTURE"
298,"K54","W_newsp_other_social","  ' said Mrs Lawson. Mrs Harding said of her forthcoming retirement:' I imagine I will keep up some of the work and stay in touch with a lot",-1.59324507047613,-0.377775601099064,-0.602470087876506,"2-THINK/BELIVE"
299,"FEH","W_misc","  same? # Naming angles (deleted:figure) To help us see how to name an angle imagine the shaded angle to be taken out of the diagram. You will see what",0.561530986543836,-0.987634495551847,1.35628885074141,"1-VIZUALIZE/PICTURE"
300,"CG2","W_pop_lore","  to visit. The boys in the group, around 15 years old I would imagine, spent the evening defoliating the live trees circling the campsite and building a monstrous",-1.90107022147898,0.841942187806502,-0.322647382359662,"2-THINK/BELIVE"
301,"B7H","W_non_ac_nat_science","  .' A bigger slur on the memory of Sir Humphrey Davy is difficult to imagine. When the Davy Lamp is taken into air that contains more than 5 per",0.561530986543836,-1.29256394277824,-0.882292793393351,"1-VIZUALIZE/PICTURE"
302,"BMR","W_fict_prose","  . What did she want? I never asked her, but I don't imagine oral penetration figured as high on her list of priorities as it did on mine",-1.90107022147898,-0.987634495551847,1.07646614522456,"2-THINK/BELIVE"
303,"FAT","W_fict_prose","  have made every effort to see to her comfort in the cottage but I could imagine the thunderous impact that Prfleur would have on her. It would have been an",0.253705835540984,-0.377775601099064,-0.602470087876506,"1-VIZUALIZE/PICTURE"
304,"CFJ","W_fict_prose","  ' They live with humans!'' Do they?' Anabelle could not imagine such a thing. She had heard of humans, of course, and had",0.561530986543836,0.53701274058011,0.796643439707718,"1-VIZUALIZE/PICTURE"
305,"BMW","W_fict_prose","  both Martin and Paula Varna -- not peanut policies either of them as you can imagine. She had been a top model -- her legs alone were insured for a",0.253705835540984,1.14687163503289,-0.882292793393351,"2-THINK/BELIVE"
307,"HGK","W_fict_prose","  amount of embarrassment.' Yes,' she snapped.' I can well imagine that somebody like you would strike a woman. If I were a man you",0.253705835540984,-0.0728461538726729,1.35628885074141,"2-THINK/BELIVE"
308,"ACN","W_pop_lore","  the number one rock star and teen idol in the Soviet Union something impossible to imagine several years ago. Tsoy is half-Korean and from the underbelly of Leningrad's punk",0.869356137546688,1.45180108225928,-0.602470087876506,"1-VIZUALIZE/PICTURE"
309,"BMS","W_fict_prose","  me,' Do it! Do it! Do it!' You can imagine, it sounds like a million owls in that cave. Then it happens.",0.253705835540984,1.14687163503289,1.07646614522456,"1-VIZUALIZE/PICTURE"
310,"AB9","W_fict_prose","  ? We were acting in good faith, of course, and I can't imagine that anyone is going to be difficult now she is gone. Just thought I",0.561530986543836,-0.987634495551847,-1.1621154989102,"2-THINK/BELIVE"
311,"A2C","W_newsp_brdsht_nat_social","  say that these children whom no one has ever laid a finger on can not imagine the pain they inflict on others.' The other point is that once you",0.561530986543836,1.14687163503289,-0.602470087876506,"3-SUPPOSE/ASSUME"
312,"B2U","W_misc","  If you buy the same make of jeans as your favourite film-star, you can imagine that you, too, are rich, talented and good-looking. # Designer labels",0.561530986543836,-1.29256394277824,1.07646614522456,"1-VIZUALIZE/PICTURE"
314,"B74","W_non_ac_nat_science","  In climbing down from Mount Olympus and passing over these concentric circles, you can imagine you are tracing the path of magma rising at the mid ocean ridges, eventually",0.253705835540984,-0.377775601099064,1.35628885074141,"1-VIZUALIZE/PICTURE"
315,"HGN","W_fict_prose","  a sheltered life she leads, in her self-built lavender ghetto. She shudders. Imagine the mortification -- if the faceless whisperer camped in her brain turned out to be",0.869356137546688,-0.682705048325456,-0.882292793393351,"1-VIZUALIZE/PICTURE"
316,"FNW","W_fict_prose","  n't know. But with everything heading for the centre of the hole, I imagine there's going to be an almighty crash when we get there. You'd",-1.90107022147898,-0.377775601099064,0.796643439707718,"3-SUPPOSE/ASSUME"
317,"A0C","W_misc","  calendar. Nor is the lobster smeared with a mustard sauce, as most chefs imagine. A little strong mustard is spread on the emptied shell of a grilled lobster",0.253705835540984,-1.59749339000463,1.07646614522456,"4-FALSE_PERCEPTION"
318,"HAC","W_pop_lore","  that will certainly save time, effort, and head scratching. # Intelligent fills Imagine the scenario -- you are creating a set of figures ordered by month. You",0.869356137546688,-1.29256394277824,-0.602470087876506,"1-VIZUALIZE/PICTURE"
319,"HR5","W_fict_poetry","  skies. # # 2 # From the far end of the pier # I imagine the sun-gleam # On a thousand deux-chevaux. # Over there they explore # Balbec and",0.561530986543836,-0.682705048325456,1.63611155625825,"1-VIZUALIZE/PICTURE"
320,"AR3","W_fict_prose","  most costly. I thus set about preparing for the days ahead as, I imagine, a general might prepare for a battle: I devised with utmost care a",-0.977594768470423,-0.682705048325456,0.796643439707718,"2-THINK/BELIVE"
321,"ADA","W_fict_prose","  weirdly chiliastic bombast so typical of a corrupted age, I can force myself to imagine by what tormented mental process an educated and rational man of some sensibility moves from",0.869356137546688,0.841942187806502,-0.602470087876506,"1-VIZUALIZE/PICTURE"
322,"ADS","W_fict_prose","  this cruel end, just when she was happiest. Wilson could not bear to imagine the horror of such a death. Minnie had written to her about how terrible",0.561530986543836,1.45180108225928,0.796643439707718,"1-VIZUALIZE/PICTURE"
323,"EA5","W_fict_prose","  hers.' Yes, Fred,' she lied. She had tried to imagine Tommy Allen coming into the bedroom and taking Fred's place, but it had",0.561530986543836,-0.987634495551847,1.63611155625825,"1-VIZUALIZE/PICTURE"
324,"B3H","W_biography","  , bestowing a pretty decent one on himself now and then.'' Just imagine him standing by the side of you, with his hands crossed before him in",0.869356137546688,-0.987634495551847,1.9159342617751,"1-VIZUALIZE/PICTURE"
325,"AYX","W_advert","  mailings under separate cover. # British Telecom June 1990 # Dear Mr Heaps, Imagine not having to go into work every day. It's something most of us",0.869356137546688,-1.59749339000463,-0.602470087876506,"1-VIZUALIZE/PICTURE"
326,"FXR","S_meeting","  something which is relatively short and relatively easy, (SP:PS23A) Mm. (SP:PS23B) because I can imagine, looking at rehearsals, what we need are a few sort of easy things",-1.90107022147898,1.14687163503289,-0.602470087876506,"3-SUPPOSE/ASSUME"
327,"CDK","W_misc","  kind of person who is used to daydreaming, try a simple one first. Imagine yourself on holiday; think about where you would be, what you would be",0.869356137546688,-1.29256394277824,1.35628885074141,"1-VIZUALIZE/PICTURE"
328,"KBU","S_conv","  someone said erm (pause) you don't have any sisters or something? I would imagine, in my mind, that something's gon na happen to my sisters for",0.561530986543836,-0.987634495551847,-0.602470087876506,"3-SUPPOSE/ASSUME"
329,"EVH","W_biography","  enough water to make the powder paint. 2. Now I want you to imagine you have been digging up the garden, ready for planting. Try and mix",0.869356137546688,-1.29256394277824,1.35628885074141,"1-VIZUALIZE/PICTURE"
330,"KRL","S_brdcast_discussn","  in the church smoking his head off. Everybody that comes in -- you can imagine the reaction -- and you ask him not to do it and his language is",0.253705835540984,1.45180108225928,-0.322647382359662,"1-VIZUALIZE/PICTURE"
331,"KN3","S_meeting","  the recommendation four one three erm it says the same standard of service erm I imagine that's the minimum of exceptional level of service, I mean it's sad",-1.90107022147898,0.841942187806502,-0.602470087876506,"2-THINK/BELIVE"
332,"APM","W_fict_prose","  would now be on their way back, since they had decided (Franca could imagine the little conversation, she thought of it as a' little' conversation)",0.561530986543836,0.841942187806502,-0.322647382359662,"1-VIZUALIZE/PICTURE"
333,"C9N","W_pop_lore","  control compartment. Describing the Hamer's sound is not easy, but if you imagine a normal bass being played through an octaver then you're getting warm. As",0.561530986543836,-0.987634495551847,1.07646614522456,"1-VIZUALIZE/PICTURE"
334,"JYF","W_fict_prose","  from her. Though what Ven had got to feel tense about she could not imagine, as she tossed out any such notion as absurd.' When? Today",0.561530986543836,0.841942187806502,-0.602470087876506,"3-SUPPOSE/ASSUME"
335,"A1J","W_newsp_brdsht_nat_report","  would operate inside the DoE. That could work -- though it is easy to imagine conflicts of interest with the housing and planning functions of the department. More problematic",0.253705835540984,-0.682705048325456,-0.882292793393351,"1-VIZUALIZE/PICTURE"
336,"GUU","W_fict_prose","  and partly because Georgina' s the major shareholder in the agency. And I imagine she's not a forgiving woman at the best of times. I' ll",0.253705835540984,1.14687163503289,-0.602470087876506,"2-THINK/BELIVE"
337,"H92","W_fict_prose","  .' Why not? This stuffed bird has always been in the room. Imagine it had perception, a memory to retain our follies. oh Lord! --'",0.869356137546688,-1.59749339000463,-0.0428246768428166,"1-VIZUALIZE/PICTURE"
338,"J52","W_non_ac_nat_science","  a visual world "" pulsed "" at such a high frequency. If we may imagine bat brains as building up an image of the world analogous to our visual images",0.561530986543836,-0.987634495551847,1.35628885074141,"1-VIZUALIZE/PICTURE"
340,"CHA","W_pop_lore","  this week's promo-treadmill that is Wogan and wonder why Parkinson went to Australia, imagine, if you will, an interview programme with one guest, a shot of",0.561530986543836,-0.377775601099064,-0.0428246768428166,"1-VIZUALIZE/PICTURE"
341,"KS8","W_misc","  Sayles teases out very entertainingly through one of the finest scripts of its type. Imagine the very best episode of' Hill Street Blues' inspired with the depth of",0.869356137546688,1.45180108225928,-0.322647382359662,"1-VIZUALIZE/PICTURE"
342,"K1L","W_news_script","  're desperate for help from the public Male speaker If anybody in Milton Keynes can imagine how they'd feel if it was their parents or grandparents. They know how",0.561530986543836,-0.987634495551847,-0.322647382359662,"1-VIZUALIZE/PICTURE"
343,"HHX","W_hansard","  lorry and its driver'.' Surely it is clear to anyone who might imagine that we are discussing an activity that could legitimately be called' joyriding' --",-1.28541991947327,1.14687163503289,-0.602470087876506,"2-THINK/BELIVE"
344,"ADP","W_biography","  of the degree to which we hear what is there as opposed to what we imagine is there. Karajan is not the first conductor to be affected by this.",0.561530986543836,-0.987634495551847,-0.0428246768428166,"4-FALSE_PERCEPTION"
345,"ARF","W_non_ac_nat_science","  they too were capable of increasing local concentrations of amines. It was easy to imagine depression as a condition in which the stores of certain amines became exhausted: then",0.561530986543836,-0.987634495551847,-0.882292793393351,"1-VIZUALIZE/PICTURE"
346,"HGE","W_fict_prose","  to look out of it, at nothing, McAllister suspected. She could only imagine what he must be suffering. Rose had begun to sob gently, not at",0.561530986543836,1.75673052948568,-0.602470087876506,"1-VIZUALIZE/PICTURE"
347,"AHA","W_newsp_brdsht_nat_arts","  a man canvassing for a seat in Parliament. This mean prostration has, I imagine, contributed in a great measure to raise that spirit of insolence among the vulgar",-1.90107022147898,1.14687163503289,-1.1621154989102,"2-THINK/BELIVE"
348,"FXT","S_brdcast_discussn","  she can't wait to see her son again. (SP:PS23N) Unbelievable. You can imagine the relief, excitement, everything just rolled into one. It was fant-- fantastic",0.253705835540984,1.45180108225928,-0.602470087876506,"1-VIZUALIZE/PICTURE"
349,"KS7","S_brdcast_discussn","  hidden themselves. (SP:PS6KT) (laugh) yes and everybody not too happy as you can probably imagine erm Peter erm while we were talking to Paul Simpson, in fact Brian Horton",0.253705835540984,1.45180108225928,-0.602470087876506,"2-THINK/BELIVE"
350,"HHB","W_fict_prose","  widened.' Thirty miles! How do they get home? I can't imagine them pushing all the way back against the river.' He laughed.'",0.561530986543836,-0.682705048325456,1.07646614522456,"1-VIZUALIZE/PICTURE"
351,"CDN","W_fict_prose","  at the Triumph, still parked in front of the house. His mother would imagine some stranger had parked his car there. But the car was his and it",-1.59324507047613,-1.29256394277824,1.07646614522456,"4-FALSE_PERCEPTION"
353,"JY3","W_fict_prose","  he pushes around!'' And that's only hearsay! You don't imagine Charles would have asked Guy to help us if he thought he was some kind",-2.20889537248183,-0.987634495551847,-0.602470087876506,"2-THINK/BELIVE"
354,"G0X","W_fict_prose","  he'd ever marry.' It was an unlikely match. Lydia tried to imagine a more suitable bride for the dour Hywel and could see only a dim,",0.869356137546688,-0.377775601099064,0.796643439707718,"1-VIZUALIZE/PICTURE"
355,"HDC","W_fict_prose","  women in red and white striped skirts and straw hats with coloured pompoms.' Imagine me in one of those,' she said, and laughter bubbled out in",0.561530986543836,-0.987634495551847,2.19575696729194,"1-VIZUALIZE/PICTURE"
356,"K1B","W_news_script","  taken by a convoy of local lorry drivers in March. Male speaker I would imagine conditions will be pretty primative. I've been to most European countries, but",-1.59324507047613,0.841942187806502,-0.322647382359662,"2-THINK/BELIVE"
357,"HHX","W_hansard","  whether children smoke is the parental influence. First, it is a mistake to imagine that access to tobacco for children is an entirely discrete subject. Advertising directed at",0.561530986543836,-0.987634495551847,-0.882292793393351,"4-FALSE_PERCEPTION"
358,"HA5","W_fict_prose","  the fairy-tales of Hans Christian Andersen stirring in her mind. It was absurd to imagine that a modern city could still evoke that kind of magic! Moving to the",0.869356137546688,-1.29256394277824,0.796643439707718,"2-THINK/BELIVE"
359,"CKC","W_fict_prose","  just had a rather intriguing chat with Irene Charial.'' I can well imagine that. Andropulos and company, of course, are now at liberty. How",0.561530986543836,1.45180108225928,-0.322647382359662,"2-THINK/BELIVE"
360,"FAS","W_fict_poetry","  are dead already. In fashionable restaurants, # over the crudits, the healthy imagine a time # when all these careful moments will be dreamed # and dreamed again",0.869356137546688,-0.682705048325456,-0.322647382359662,"1-VIZUALIZE/PICTURE"
361,"HNT","W_fict_poetry","  centre to cosmos and chaos. # A bulldozer to these romping stones! # Imagine a high-toned statuary # of minimal symbolic clutter, # with its fine proportions and",0.869356137546688,-0.987634495551847,1.35628885074141,"1-VIZUALIZE/PICTURE"
362,"H8T","W_fict_prose","  it seemed, word for word. The Tyrrell Society comprised, as you might imagine, good and ostentatious patriots. St George's Day was thus red-lettered in our",0.253705835540984,1.14687163503289,-0.882292793393351,"2-THINK/BELIVE"
363,"J52","W_non_ac_nat_science","  many cases they are vastly higher than the highest note anybody has heard or can imagine. It is fortunate that we can't hear them, incidentally, for they",0.561530986543836,-0.987634495551847,-0.882292793393351,"1-VIZUALIZE/PICTURE"
364,"J25","W_misc","  elapse before IRELAND'S DARK SECRET would be revealed. # Neolithic stone axe # IMAGINE HOW A CELT FELT WITHOUT GUINNESS # The flamboyant impulsive talkative Celts of Ireland's",0.561530986543836,-1.29256394277824,-0.882292793393351,"1-VIZUALIZE/PICTURE"
365,"C8J","W_misc","  personal commitment and sacrifice which inspired them to attempt this daunting journey with enthusiasm. Imagine how they must have felt in St Peter's Square at the start of their",0.869356137546688,0.841942187806502,-0.602470087876506,"1-VIZUALIZE/PICTURE"
366,"HJ3","W_newsp_other_report","  they had no option but to call on a back-up team of stopwatch timekeepers. Imagine the look of surprise on some faces, however, when the times for three",0.561530986543836,1.45180108225928,1.63611155625825,"1-VIZUALIZE/PICTURE"
367,"CA5","W_non_ac_soc_science","  a country cottage, then picture the cottage as vividly as you can. Perhaps imagine yourself in a cosy armchair, gazing into a log fire, stroking the cat",0.869356137546688,-0.987634495551847,2.19575696729194,"1-VIZUALIZE/PICTURE"
369,"H8C","W_non_ac_humanities_arts","  deal more than the courtly and rather ineffective rituals which some historians have tended to imagine. Eighteenth-century navies fluctuated in size and efficiency more, and more rapidly, than",0.561530986543836,0.53701274058011,-0.322647382359662,"4-FALSE_PERCEPTION"
370,"K5M","W_newsp_other_report","  course, and of its form, would come later. It is hard to imagine how the matter could have been handled less adeptly. The opposition will portray it",0.561530986543836,-0.682705048325456,-0.602470087876506,"1-VIZUALIZE/PICTURE"
371,"HU9","W_religion","  our Church all communication was through the written or spoken word. If you could imagine yourself being without the radio, T. V., or telephone then you just might",0.561530986543836,-0.987634495551847,-0.322647382359662,"1-VIZUALIZE/PICTURE"
372,"AD9","W_fict_prose","  n't think it would be... like this.'' Then I can't imagine how you did think it would be. Seemed pretty straightforward from the specifications.",0.253705835540984,-0.377775601099064,-0.602470087876506,"1-VIZUALIZE/PICTURE"
373,"HNJ","W_fict_prose","  said it was fun to see the way they reacted to her. I could imagine her in her sexiest dress and her most alluring perfume, cooking pasta the way",0.869356137546688,-0.682705048325456,2.19575696729194,"1-VIZUALIZE/PICTURE"
374,"KRG","S_brdcast_discussn","  on the British Council circuit. Do you think that still happens? (SP:PS5SA) I imagine it must do, yes. It's an absolutely fascinating thing to do,",-1.90107022147898,1.45180108225928,-0.882292793393351,"3-SUPPOSE/ASSUME"
375,"ACL","W_religion","  to be superior to being a cleaner. Never again will they be sentimental and imagine that being a cleaner is superior to being an administrator. Both functions make different",-1.59324507047613,-0.377775601099064,-0.882292793393351,"4-FALSE_PERCEPTION"
376,"G12","W_fict_prose","  her the line of tiny red marks. Jannie stared at them, trying to imagine the scene -- Bob, retreating backwards round the room, and Mrs. Mounce,",0.869356137546688,0.841942187806502,1.35628885074141,"1-VIZUALIZE/PICTURE"
377,"CKC","W_fict_prose","  . The only deterioration possible, Captain, is one I don't care to imagine.'' Indeed. I shall be sadly missed in the Mountains of Mourne",0.561530986543836,1.45180108225928,-0.602470087876506,"1-VIZUALIZE/PICTURE"
379,"FBM","W_pop_lore","  , as they say, off the top of my own head -- I can imagine, even if I can't paint, these prototypically Magrittian images: a revolver",0.561530986543836,-0.987634495551847,2.19575696729194,"1-VIZUALIZE/PICTURE"
380,"CFS","W_advert","  dramatic finials echoing the original features of this Norfolk rectory, it's difficult to imagine the conservatory wasn't built by the same Victorian craftsmen. # BROCHURE AND DESIGN",-1.59324507047613,-0.682705048325456,-0.322647382359662,"2-THINK/BELIVE"
381,"FMN","S_pub_debate","  left the erm additional two pages which makes these (pause) er submissions. I would imagine that the er parties on my left have had a chance to read and consider",-1.59324507047613,0.841942187806502,-0.882292793393351,"3-SUPPOSE/ASSUME"
383,"HHV","W_hansard","  Kline Beecham? Mr. Lilley I am happy to welcome that investment, and I imagine that it owes much to the climate and environment that the Government have created and",-1.90107022147898,1.14687163503289,-1.1621154989102,"3-SUPPOSE/ASSUME"
384,"A0L","W_fict_prose","  And?'' And? What do you mean,' and'? Imagine Sandy just saying one morning, oh, by the way, babes. I",0.561530986543836,-1.29256394277824,-0.0428246768428166,"1-VIZUALIZE/PICTURE"
385,"HGS","W_fict_prose","  regions. When he got there, he pulled an enormous bell-mouthed gun -- I imagine it was a blunder-buss -- from his belt and levelled it at the monster.",-1.90107022147898,0.841942187806502,-0.0428246768428166,"2-THINK/BELIVE"
386,"HWH","W_commerce","  variable lags, so that it assumes too much expertise on behalf of politicians to imagine they can time expansive monetary policy to their advantage. In this respect politicians apparently",-0.669769617467571,-0.682705048325456,-0.882292793393351,"4-FALSE_PERCEPTION"
387,"H8J","W_fict_prose","  to put up a brave pretence of not interfering with his work. You can imagine how that makes me feel,' he said bitterly.' I'm supposedly",0.869356137546688,1.45180108225928,-0.602470087876506,"1-VIZUALIZE/PICTURE"
388,"ALV","W_non_ac_nat_science","  science -- it would simply take too long to formulate a question and answer. Imagine for example the stunning impact of' pass the sugar' in proper chemistry,",0.561530986543836,1.45180108225928,-0.882292793393351,"1-VIZUALIZE/PICTURE"
389,"H0F","W_fict_prose","  was you he loved. But I know how you must feel. I can imagine it. I'm sorry I said all those things. You're not old",0.561530986543836,1.14687163503289,-0.882292793393351,"2-THINK/BELIVE"
390,"ABD","W_pop_lore","  he would be authorised to visit Baghdad on its behalf. It is hard to imagine the countdown to war continuing without an intensification of diplomacy. Yet getting talks started",0.869356137546688,-0.682705048325456,-0.882292793393351,"1-VIZUALIZE/PICTURE"
391,"CAH","W_non_ac_polit_law_edu","  characters in the work as well as the creative imagination of the author. To imagine or write otherwise, to situate black people throughout the pages and scenes of a",0.561530986543836,-0.987634495551847,-0.0428246768428166,"1-VIZUALIZE/PICTURE"
392,"FRH","W_fict_prose","  I didn't think you could get it a second time. I can't imagine why, when the Labour Party's such a swindle. It must have been",0.561530986543836,0.841942187806502,-0.602470087876506,"3-SUPPOSE/ASSUME"
394,"HGY","W_fict_prose","  er -- where he lives. People mostly go to the west coast. I imagine most of his income comes from farming. Although his horses do seem to win",-1.59324507047613,1.14687163503289,-0.602470087876506,"2-THINK/BELIVE"
395,"EVF","W_commerce","  Interest in selling is more important than fine writing. It is sometimes salutary to imagine yourself selling your clients product from door to door when clarity and persuasion would help",0.869356137546688,-0.987634495551847,1.07646614522456,"1-VIZUALIZE/PICTURE"
396,"ED6","W_misc","  Often he could be a very demanding presence at rehearsal, but I can't imagine that he was anything but delighted with Beecham's magically evocative account. There is",0.253705835540984,0.232083293353719,-0.602470087876506,"2-THINK/BELIVE"
397,"FR3","W_fict_prose","  yes, it is,' he said with heavy emphasis.' I should imagine that you are worried -- worried that I might cause some sort of scene,",-1.90107022147898,1.45180108225928,-0.882292793393351,"3-SUPPOSE/ASSUME"
398,"KD8","S_conv","  loving it! (SP:PS0LR) Yeah. (SP:PS0LK) You know, I mean I can't imagine anybody coming round and not thinking it's lovely cos you've got it spot",0.253705835540984,-0.682705048325456,-0.882292793393351,"1-VIZUALIZE/PICTURE"
399,"CHA","W_pop_lore","  possible that Diblo Dibala actually is the best guitarist on Earth Perhaps greater than you imagine. I have for years been recycling my NME s, principally to Eastern Europe",0.561530986543836,-0.377775601099064,-0.602470087876506,"2-THINK/BELIVE"
400,"HGE","W_fict_prose","  With it she wore an imitation of a sailor's hat -- if one could imagine a sailor's hat with a broad brim and long navy blue streamers -- and",0.869356137546688,1.14687163503289,2.19575696729194,"1-VIZUALIZE/PICTURE"
401,"CDK","W_misc","  . Imagine you are lying in the sunshine on a warm beach in Tahiti. Imagine that you can hear the waves gently lapping on to the soft sand. Imagine",0.869356137546688,-1.59749339000463,2.19575696729194,"1-VIZUALIZE/PICTURE"
402,"ABV","W_religion","  me take one from the passage read to us: Philippians 4. Let us imagine that you are studying this in your room and you read verse 6:'",0.561530986543836,-1.29256394277824,1.07646614522456,"1-VIZUALIZE/PICTURE"
403,"AS3","W_misc","  with' a mountain bike rather than' on'a mountain bike. I can't imagine he enjoyed much of a free-wheeling, look-no-hands cycle along the Skye Ridge. But",0.253705835540984,-0.987634495551847,1.07646614522456,"2-THINK/BELIVE"
404,"HNR","W_fict_poetry","  # remember, be careful not to trip # when the time comes) and imagine them there, # the ones we can't see. A man in a",0.561530986543836,-1.59749339000463,0.236998028674028,"1-VIZUALIZE/PICTURE"
406,"FBF","W_misc","  was somewhat shaky, but he was the Kaiser). It is difficult to imagine such an exhibition being taken so seriously by the art world today. The women",0.561530986543836,-0.987634495551847,-0.882292793393351,"1-VIZUALIZE/PICTURE"
407,"BM0","W_non_ac_medicine","  this point in my life I had never really been ill, so you can imagine the disruption within the family. My children and my husband were worried sick because",0.253705835540984,1.45180108225928,-0.882292793393351,"1-VIZUALIZE/PICTURE"
408,"H9M","W_commerce","  changes in specification can alter the implications of the model significantly. For example, imagine a rise in the basic rate of income tax which is fully announced and anticipated",0.561530986543836,-0.987634495551847,-1.1621154989102,"1-VIZUALIZE/PICTURE"
410,"HGU","W_fict_prose","  his gun barrel. Zeke seems relaxed. Everybody ignores Keith. He can't imagine what he and Zeke are doing here. He finds out.' No,",0.561530986543836,1.45180108225928,-0.882292793393351,"3-SUPPOSE/ASSUME"
411,"G0X","W_fict_prose","  .'' Poor her,' said Lydia, but as she could not imagine taking care of a disruptive child she couldn't truly sympathise. She thought that",0.869356137546688,-1.29256394277824,-0.0428246768428166,"1-VIZUALIZE/PICTURE"
412,"FPU","W_fict_prose","  . It was an unpleasant shock to discover Bentley Drummle there, but I could imagine his reason for visiting the area. When he noticed me, he immediately called",0.253705835540984,1.14687163503289,-0.882292793393351,"3-SUPPOSE/ASSUME"
413,"FMN","S_pub_debate","  er th-- (pause) members of the Parish Council if there are any present as I imagine there are, will have heard my question. (unclear) let's proceed and perhaps",-1.90107022147898,1.45180108225928,-0.882292793393351,"3-SUPPOSE/ASSUME"
414,"HGK","W_fict_prose","  !'' Oh, Maggie!' he mocked huskily.' Did you imagine even for one moment that I would let you go?'' Why did",-0.977594768470423,-1.59749339000463,-0.882292793393351,"4-FALSE_PERCEPTION"
415,"H7W","W_fict_prose","  's expression hovered between cynicism and puzzlement.' Somehow I find it difficult to imagine you being overawed by anything.' Polly gulped, and immediately disguised it with",0.561530986543836,-0.987634495551847,-0.602470087876506,"1-VIZUALIZE/PICTURE"
417,"AT7","W_fict_prose","  But he'll have a sore head for a pretty long time, I should imagine.' Then Agnes said something that sounded very silly even to herself. She",-1.59324507047613,0.841942187806502,-0.882292793393351,"2-THINK/BELIVE"
419,"GYX","S_classroom","  of, to plus infinity, with the tiniest change in X. That you could imagine. (SP:PS2A7) Mm. (SP:PS2A6) I mean tinier than that, tinier than that, and",0.253705835540984,-0.987634495551847,-1.1621154989102,"1-VIZUALIZE/PICTURE"
420,"GUE","W_fict_prose","  it.' He spoke so reasonably, so casually, that she could almost imagine he cared about her feelings. But the glint of mockery in his dark eyes",0.869356137546688,-0.987634495551847,-0.882292793393351,"2-THINK/BELIVE"
421,"KPR","S_conv","  (SP:PS57N) Here I, oh yes. Nobody (SP:PS57M) Grass stains. Well I can imagine Nick doing wheelbarrows. (SP:PS57N) No he (SP:PS57L) Wheelbarrows? (SP:PS57N) he sha-- (SP:PS57L) What's",0.253705835540984,-0.682705048325456,1.9159342617751,"1-VIZUALIZE/PICTURE"
422,"CGC","W_pop_lore","  . This is definitely a concept the makers must address -- but then can you imagine what'll happen if there are sizes, all these women will be asking for",0.561530986543836,-0.987634495551847,-0.0428246768428166,"3-SUPPOSE/ASSUME"
423,"HH1","W_fict_prose","  hand, marched by on their way through the gate, and tried not to imagine herself a prisoner in their charge. Nearer, a plump, important-looking individual was",0.869356137546688,-0.987634495551847,1.07646614522456,"1-VIZUALIZE/PICTURE"
427,"CA5","W_non_ac_soc_science","  so that you can let go? # 2) # Relax deeply, then imagine you are in a lush, green meadow. Feel the warmth of the sun",0.869356137546688,-1.59749339000463,2.19575696729194,"1-VIZUALIZE/PICTURE"
428,"KBD","S_conv","  or four hundred, but then we-- (SP:PS03W) No, no. (SP:PS040) I can't imagine anything worse than doing a function for three or four (pause) because by the,",0.253705835540984,-0.987634495551847,-0.882292793393351,"1-VIZUALIZE/PICTURE"
429,"HE7","S_brdcast_documentary","  have information about daugh-- about my daughter which I do not, I can not imagine how they have obtained it, I am absolutely appalled. I spent the past",0.561530986543836,1.45180108225928,-1.1621154989102,"3-SUPPOSE/ASSUME"
431,"FAP","W_fict_prose","  don't have call-girl service in Hollywood. We have agents.'' I imagine it's up to you whether you take the work or not?''",-1.90107022147898,1.14687163503289,-1.1621154989102,"3-SUPPOSE/ASSUME"
432,"K6T","S_interview_oral_history","  (unclear) (SP:PS5M6) I wouldn't Oh no they would get in alright. I would imagine yes. Well in most cases I would think so. (SP:K6TPS000) Yeah. Mhm",-1.90107022147898,0.53701274058011,-0.882292793393351,"2-THINK/BELIVE"
434,"KD8","S_conv","  since school (SP:PS0LM) Ee! (SP:PS0LK) and er (pause) Elizabeth, I just can't imagine that she's altered at all (SP:PS0LM) No. (SP:PS0LK) but, but she may have",0.561530986543836,0.841942187806502,-0.322647382359662,"2-THINK/BELIVE"
435,"FR0","W_fict_prose","  '' Something along the lines of surrender immediately or face total annihilation, I imagine.'' Yeah, that was about it,' Hazel confirmed.'",-1.90107022147898,1.14687163503289,-1.1621154989102,"2-THINK/BELIVE"
436,"KD0","S_conv","  out here shall I? (SP:PS0HM) You think you're exhausted after a days work imagine if you've been doing that all day long, shouting (SP:PS0HP) Look! (SP:PS0HM)",0.561530986543836,-1.29256394277824,-0.882292793393351,"1-VIZUALIZE/PICTURE"
437,"FY5","S_interview_oral_history","  and put a match to it. And it used to roar, you can imagine what the noise was like in the chapel. This is true. And they",0.561530986543836,1.45180108225928,-0.602470087876506,"1-VIZUALIZE/PICTURE"
438,"CET","W_non_ac_nat_science","  If the immortals were capable of reproduction there would be a colossal population explosion: imagine what it would be like if every human being ever born were still alive!",0.561530986543836,-1.59749339000463,-0.882292793393351,"1-VIZUALIZE/PICTURE"
439,"ASC","W_biography","  . Playing records like that and Scheherazade, another early purchase, John tried to imagine what.could be happening in the ballet. In an interview shortly before his death,",0.869356137546688,-0.0728461538726729,-0.322647382359662,"1-VIZUALIZE/PICTURE"
440,"ACG","W_religion","  a moment at Mahanaim, we have been travelling through country we know or can imagine. But at this point the story takes an abrupt turn, and takes us",0.253705835540984,1.75673052948568,-0.322647382359662,"1-VIZUALIZE/PICTURE"
442,"G1X","W_fict_prose","  claiming it was true. So that cheered us up a bit as you can imagine but what really cheered us up was making contact with the Indians. I mean",0.253705835540984,1.45180108225928,-0.882292793393351,"2-THINK/BELIVE"
443,"CFT","W_advert","  # TEUCO IS A DIVISION OF THE GUZZINI GROUP OF COMPANIES # Kawneer Europe # IMAGINE THE POSSIBILITIES. INSIDE AND OUT. Kawneer's new Designer Pivot makes perfect sense",0.561530986543836,-0.0728461538726729,-0.882292793393351,"1-VIZUALIZE/PICTURE"
444,"AR5","W_misc","  # Psychology of Training # Correction-Praise # The first common mistake people make is to imagine that a dog thinks in the same way as a human being. Dogs do",0.561530986543836,-0.987634495551847,-0.602470087876506,"4-FALSE_PERCEPTION"
445,"GVU","W_commerce","  respect. The net assets of the organization are shown but it is hard to imagine what use can be made of this figure. Who owns the asset? What",0.869356137546688,-0.682705048325456,-1.1621154989102,"3-SUPPOSE/ASSUME"
446,"ACV","W_fict_prose","  ?' he said to Mungo. If this was a kingdom, did Vic imagine himself to be its ruler, Mungo wondered? The monarch of a ramshackle throne",0.561530986543836,-0.682705048325456,-0.882292793393351,"4-FALSE_PERCEPTION"
447,"HA6","W_fict_prose","  , and I can tell you that judges take a poor view of women who imagine themselves potential victims. Assaulting an innocent companion on a fishing trip is not something",-0.977594768470423,1.14687163503289,-0.882292793393351,"4-FALSE_PERCEPTION"
448,"G16","W_fict_prose","  Theresa's had to get a gas mask for little James but she can't imagine how she'd ever put it on the poor child. He screamed when he",0.561530986543836,0.232083293353719,1.07646614522456,"1-VIZUALIZE/PICTURE"
449,"CK6","W_pop_lore","  Obviously. A more suitable way to end the CMJ Marathon would be impossible to imagine. We came last, by the way. #' Artists Encounter' one",0.561530986543836,-1.29256394277824,-0.602470087876506,"1-VIZUALIZE/PICTURE"
450,"KNC","S_speech_unscripted","  But (pause) because you don't know I mean I er y-- you can't imagine really somebody saying, Oh I'm going to be a removal man I think",0.561530986543836,-0.682705048325456,-0.322647382359662,"1-VIZUALIZE/PICTURE"
451,"FET","W_fict_prose","  it true, this garden has a fantastic character which makes you quite able to imagine the poets of the Renaissance strolling among these bushes and over the flowery grass?",0.869356137546688,0.53701274058011,1.9159342617751,"1-VIZUALIZE/PICTURE"
452,"AMU","W_fict_prose","  had mounted an incompetent attack on Trent at Bacalar. The only reason Trent could imagine for the attack was to link him to Don Roberto's murder -- this presumed",0.561530986543836,-0.377775601099064,-0.602470087876506,"1-VIZUALIZE/PICTURE"
453,"G02","W_fict_prose","  her, she says what a wonderful Christian Pa is, by which, I imagine, she means his calmness in adversity. She tells me the ambulance is on",-1.90107022147898,1.14687163503289,-1.1621154989102,"2-THINK/BELIVE"
455,"HYD","S_tutorial","  and other people are less naturally predisposed towards philosophy. I am also inclined to imagine that (unclear) would say something like that. Now, he does think that the",-1.28541991947327,-0.377775601099064,-0.322647382359662,"2-THINK/BELIVE"
456,"CGE","W_religion","  have taken this directive to regard work as service to Christ; but I can imagine some twentieth-century slaves thinking such sentiments run sharply against the grain. Is Paul saying",0.561530986543836,0.841942187806502,-0.882292793393351,"1-VIZUALIZE/PICTURE"
457,"K5C","W_newsp_other_social","  Edinburgh to Glasgow, say from the Newbridge roundabout to the outskirts of Glasgow. Imagine you did the entire 45-mile journey at 70 mph, you would take 41 minutes",0.561530986543836,-1.29256394277824,-0.322647382359662,"1-VIZUALIZE/PICTURE"
458,"KP6","S_conv","  today actually (unclear) (SP:PS52C) Did you laugh? I bet you laughed I can just imagine your face. (SP:KP6PSUNK) (laugh) (SP:PS52C) Cos when you laugh so much you don't",0.253705835540984,-0.377775601099064,2.19575696729194,"1-VIZUALIZE/PICTURE"
459,"HHX","W_hansard","  about British Rail's management. I should like my hon. Friend the Minister to imagine the effect of the Bill as it is presently drafted on the preserved and private",0.869356137546688,-0.682705048325456,-0.602470087876506,"1-VIZUALIZE/PICTURE"
460,"KRF","S_brdcast_discussn","  for making computers is based on the chemistry of silicon. It's difficult to imagine a more modern (laugh) field of endeavour than the microtechnology involved with microcomputers, yet",0.561530986543836,-0.682705048325456,-0.602470087876506,"1-VIZUALIZE/PICTURE"
463,"BMY","W_religion","  untimely demise, or at least in its loss of a meal, one would imagine that, were a naive perception of Darwinism strictly correct, mosquitoes would have long",0.253705835540984,-0.987634495551847,-0.0428246768428166,"3-SUPPOSE/ASSUME"
464,"H8T","W_fict_prose","  Heather, anybody less in need of psychiatric treatment it would have been hard to imagine. Calm, purposeful and entirely self-possessed: so she seemed to me.'",0.561530986543836,-0.987634495551847,-0.602470087876506,"1-VIZUALIZE/PICTURE"
465,"ARR","W_non_ac_nat_science","  the legal profession, and have a zero sum mentality. It is hard to imagine a more adversarial atmosphere than the British House of Commons. (The law courts",0.561530986543836,-0.377775601099064,-0.0428246768428166,"1-VIZUALIZE/PICTURE"
466,"ACW","W_fict_prose","  , I've been almost frantic with worry this last half-hour. I can't imagine what his father would say if he found out about this. My husband has",0.253705835540984,-0.682705048325456,-0.322647382359662,"3-SUPPOSE/ASSUME"
467,"AC7","W_fict_prose","  , one row all the work of' Amy le Fevre'. I could imagine my aunt as a young girl asking for the latest of the books for birthday",0.561530986543836,0.232083293353719,-0.322647382359662,"1-VIZUALIZE/PICTURE"
468,"C91","W_non_ac_tech_engin","  16; l.e.d.' s X1 and X2 count units and two's respectively. Imagine an initial state where D1 and D2 = 1 with Q = 0 and Q1",0.869356137546688,-1.29256394277824,-1.1621154989102,"1-VIZUALIZE/PICTURE"
469,"EV1","W_fict_prose","  afternoon, thinking. Where was her mother, for a start? Did she imagine she could run away from Alice, just like that? Was she mad?",-1.59324507047613,1.14687163503289,-0.322647382359662,"4-FALSE_PERCEPTION"
470,"CES","W_biography","  on a piece of slate that the previous owner had had placed there, I imagine with the aid of an English-Welsh dictionary, which can be fraught with pitfalls.",-0.0541193154618676,-0.377775601099064,-0.322647382359662,"3-SUPPOSE/ASSUME"
471,"BNA","W_misc","  , and then create a hypothetical situation which it is hard for the candidate to imagine. The most important thing is to stay calm, give yourself time to think",0.869356137546688,-0.987634495551847,-0.602470087876506,"1-VIZUALIZE/PICTURE"
473,"G2V","W_pop_lore","  ' she says,' I couldn't cope at all. I can't imagine how I would have survived without good friends who sustained me when I turned up",0.561530986543836,-0.0728461538726729,-0.602470087876506,"1-VIZUALIZE/PICTURE"
474,"AL6","W_newsp_brdsht_nat_misc","  Gillian Shephard, gaining responsibility for women's issues and losing tourism.' I imagine we'll be playing musical chairs,' says the spokesman.' We do",-1.59324507047613,-0.987634495551847,-0.0428246768428166,"2-THINK/BELIVE"
475,"J1H","W_email","  in my old catalogue. You obviously have the extra special festive remix. I imagine they are going alphabetically... I should be next (Mark Cumfreis). HEY",-1.59324507047613,1.45180108225928,-0.882292793393351,"2-THINK/BELIVE"
476,"CH0","W_fict_prose","  her room in the house. Jazzbeaux hadn't met her, but she could imagine the type. A bitter old biddy, eating herself alive with bile, pretending",0.561530986543836,1.14687163503289,1.63611155625825,"1-VIZUALIZE/PICTURE"
477,"H7W","W_fict_prose","  ' Well, if you've heard I guess everyone knows.'' I imagine so,' the little man nodded, his sympathy transparently false.' It",-1.90107022147898,1.14687163503289,-1.1621154989102,"2-THINK/BELIVE"
480,"A0D","W_fict_prose","  . How that girl can bring herself to sit there singing it I can't imagine. You know who she is, don't you?'' No,",0.561530986543836,1.45180108225928,-0.882292793393351,"3-SUPPOSE/ASSUME"
481,"GXL","W_letters_personal","  you to remember -- it was at least 10 years ago and I can't imagine I was a memorable schoolgirl! I am going to be away Thurs-Sun this week",-1.90107022147898,-0.987634495551847,-0.322647382359662,"2-THINK/BELIVE"
482,"B7B","W_non_ac_nat_science","  and decided to hypnotise the driver to enhance his memory. He was told to imagine that he had travelled back in time to the afternoon of the abduction and was",0.869356137546688,-1.59749339000463,1.07646614522456,"1-VIZUALIZE/PICTURE"
483,"K91","W_non_ac_humanities_arts","  newspaper, would say joyously --' they are still holding!' Could they imagine what that simple word' hold' meant? The sensation provoked by being under",0.253705835540984,0.841942187806502,-0.882292793393351,"1-VIZUALIZE/PICTURE"
484,"ECK","W_fict_prose","  've heard what happened when a few particles came into contact with the vagrant. Imagine the consequences if its entire contents were to escape into the atmosphere. Chernobyl's",0.561530986543836,-0.987634495551847,-0.0428246768428166,"1-VIZUALIZE/PICTURE"
485,"CB8","W_pop_lore","  , a home and free medical care.' Nina, 84, can not imagine life without a career.' I was born in St Petersburg and worked all",0.561530986543836,-1.29256394277824,-0.602470087876506,"1-VIZUALIZE/PICTURE"
486,"JY3","W_fict_prose","  why am I always the last to know?' Lucy grinned.' I imagine Dad knew how you'd react to having Guy at Armscott. You know how",-1.90107022147898,1.14687163503289,-0.882292793393351,"3-SUPPOSE/ASSUME"
487,"KRH","S_brdcast_discussn","  start off with. I think sometimes people who don't actually work in schools imagine that the schools are managed, in the financial organisational sense, by the Local",-1.90107022147898,-0.682705048325456,-0.882292793393351,"4-FALSE_PERCEPTION"
488,"K6T","S_interview_oral_history","  who owned it. (SP:K6TPS000) Mhm. (unclear) (SP:PS5M6) Would lead the horse I would imagine. (SP:K6TPS000) Mhm. Erm (unclear) I meant to ask you about the inside of",-1.90107022147898,0.232083293353719,0.236998028674028,"2-THINK/BELIVE"
489,"FPT","W_fict_prose","  been poor, and I haven't got any nice dresses! But I just imagine that I'm wearing the most beautiful blue dress, and a big hat with",0.561530986543836,-1.29256394277824,1.9159342617751,"1-VIZUALIZE/PICTURE"
490,"CCF","W_misc","  with your own congregation... I am 82 and housebound, and so you can imagine how I look forward to seeing a meaningful TV presentation. I hear from two",0.253705835540984,1.45180108225928,-0.602470087876506,"2-THINK/BELIVE"
491,"HJG","W_pop_lore","  persuade him to reconsider because he knew it was a bad decision. Can you imagine the effect on a monthly medal field if the members dropped out on the basis",0.869356137546688,-0.987634495551847,-0.602470087876506,"1-VIZUALIZE/PICTURE"
492,"B7D","W_non_ac_nat_science","  bad once could be the key to enormous time savings. In other words, imagine a machine that can look ahead one move. It is given a position and",0.561530986543836,-1.29256394277824,-0.322647382359662,"1-VIZUALIZE/PICTURE"
493,"KDJ","S_conv","  close are about and you know how to close, but that, let's imagine for the sake of the discussion, that there's a hundred different ways of",0.253705835540984,-0.682705048325456,-0.602470087876506,"3-SUPPOSE/ASSUME"
495,"K8R","W_fict_prose","  a satisfactory deal.' One has to be realistic about these places. I imagine you came here with the intention of doing it up and then realised the enormous",-1.90107022147898,0.841942187806502,-0.602470087876506,"3-SUPPOSE/ASSUME"
496,"FMS","S_speech_unscripted","  the remaining half will go to the children as well. Now as you can imagine it depends what you leave and where you leave it as to how effective that",0.253705835540984,0.53701274058011,-0.882292793393351,"2-THINK/BELIVE"
497,"G15","W_fict_prose","  inclined to fantasy perhaps, but resilient and not inclined to despair. Blanche could imagine her weeping with her son over his confession but, like Marek, she was",0.561530986543836,-0.377775601099064,1.63611155625825,"1-VIZUALIZE/PICTURE"
498,"J17","W_fict_prose","  to carry off the strategic one. Perhaps he had even suggested it. I imagine him reading and re-reading the Labour Party's election manifesto as the results came in",0.253705835540984,-0.377775601099064,1.35628885074141,"1-VIZUALIZE/PICTURE"
499,"FPU","W_fict_prose","  the first time that someone close to me had died, and I could not imagine life without my sister, even if I had never loved her, or even",0.561530986543836,-0.987634495551847,-0.602470087876506,"1-VIZUALIZE/PICTURE"
500,"AKB","W_newsp_brdsht_nat_arts","  Pickering, finding humour in even the most unpromising lines. It is hard to imagine a finer production of Shaw's most enjoyable play, and it is surely destined",0.561530986543836,-0.377775601099064,-0.602470087876506,"1-VIZUALIZE/PICTURE"
501,"AN8","W_fict_prose","  , but they were waffling on about the poor little guinea-pig baby. You can imagine the sort of thing. What does he look like? What does he weigh",0.253705835540984,1.14687163503289,-0.882292793393351,"1-VIZUALIZE/PICTURE"
504,"B01","W_non_ac_soc_science","  The pensioner movement is only growing very slowly in Britain and it is hard to imagine the prosperous 20 per cent of pensioners feeling they had much in common with the",0.561530986543836,-0.377775601099064,-0.882292793393351,"1-VIZUALIZE/PICTURE"
505,"G2J","W_misc","  Dublin's culture might be found in the ghost city we half remember, half imagine. In the alley-ways which led from Dame Street down to the river, covered",0.253705835540984,-0.377775601099064,1.35628885074141,"1-VIZUALIZE/PICTURE"
506,"HHP","W_misc","  to ascertain first what persons would care to attend a meeting, I don't imagine that one could usefully be called. Of this, however, I leave the",-1.90107022147898,-0.682705048325456,-0.882292793393351,"2-THINK/BELIVE"
507,"CCY","W_instructional","  4 per roll.,,. # ADVICE CENTRE # MLA MASTER LOCKSMITHS ASSOCIATION # Imagine this scenario: you've just locked yourself out, and are frantically leafing through",0.869356137546688,-0.987634495551847,1.35628885074141,"1-VIZUALIZE/PICTURE"
508,"CC9","W_misc","  service pattern at the church meeting on December 9th, although it is difficult to imagine how we could ever revert to a single service since already we have about 500",0.253705835540984,-0.377775601099064,-0.602470087876506,"3-SUPPOSE/ASSUME"
509,"H0C","W_commerce","  against the Atlantic, the Minch is a much less formidable place than some people imagine. With a stout ship and the right sort of clothes to withstand the weather",0.253705835540984,-0.682705048325456,-0.322647382359662,"4-FALSE_PERCEPTION"
510,"A7H","W_biography","  this island using non-returnable bottles and indestructible plastic containers, it is not difficult to imagine the mountains of refuse that we shall have to deal with somehow. The speech",0.561530986543836,1.45180108225928,1.35628885074141,"1-VIZUALIZE/PICTURE"
511,"G09","W_non_ac_soc_science","  parting, you'll hear all the trees and all the noises that you can imagine, even as if buildings were falling down or a traction engine is running over",0.561530986543836,-0.377775601099064,-0.602470087876506,"1-VIZUALIZE/PICTURE"
512,"ASN","W_fict_prose","  Naples for a number of reasons...' Sandison began, though he could not imagine what these might be. His real reason for being there was odd enough without",0.561530986543836,0.841942187806502,-0.882292793393351,"3-SUPPOSE/ASSUME"
513,"CB0","W_fict_poetry","  # while his batman cut # and curls fell # all over his surplice. # Imagine the sun # waking the flies # to a confessional buzz # in the camp",0.869356137546688,-0.682705048325456,1.63611155625825,"1-VIZUALIZE/PICTURE"
514,"CKL","W_pop_lore","  that on the court she isn't a mum for me and I can't imagine that she isn't my mum. Sometimes she wants me to work hard on",0.561530986543836,-0.987634495551847,-0.882292793393351,"2-THINK/BELIVE"
515,"BNT","W_pop_lore","  have organised themselves into teams with the sole purpose of stopping you getting anywhere. Imagine the indignity of trying to learn by heart, over breakfast, a set of",0.561530986543836,-0.987634495551847,-0.0428246768428166,"1-VIZUALIZE/PICTURE"
516,"E9U","W_newsp_other_report","  side already,' Lord Owen said.' There is no way I can imagine the Moslem population will allow the partition of the country. They will fight.",0.561530986543836,-0.987634495551847,-0.882292793393351,"2-THINK/BELIVE"
517,"G1M","W_fict_prose","  sound of the explosion from his ears, but couldn't. He tried to imagine what the inside of the Conference Room would look like now, and found he",0.869356137546688,1.45180108225928,1.35628885074141,"1-VIZUALIZE/PICTURE"
518,"FS0","W_biography","  at his photograph and make it come to life, but it was impossible to imagine the figure in the picture living in the sort of conditions which Normandin and others",0.561530986543836,-0.377775601099064,1.07646614522456,"1-VIZUALIZE/PICTURE"
519,"H8S","W_fict_prose","  his Leo open-heartedness, he was one of nature's true romantics. She could imagine him picking out the blooms, thinking of her, his large, flamboyant writing",0.561530986543836,-0.682705048325456,1.35628885074141,"1-VIZUALIZE/PICTURE"
520,"ASL","W_non_ac_nat_science","  sea-urchin or mouse embryos, to think about flags. Consider the following problem. Imagine there is a line of cells, each of which can turn blue, or",0.561530986543836,-0.987634495551847,1.63611155625825,"1-VIZUALIZE/PICTURE"
521,"H9H","W_fict_prose","  baby, but highly at risk for a number of reasons, as you may imagine. But she refuses to spend the next seven months in hospital -- and I",0.253705835540984,1.45180108225928,-0.882292793393351,"2-THINK/BELIVE"
522,"CG3","W_non_ac_humanities_arts","  Boyle, Ozick, Betjeman and Joyce. How much of that dialogue can you imagine actually being said? Can you imagine a shy working-class man (as Parkin is",0.561530986543836,0.232083293353719,-0.602470087876506,"1-VIZUALIZE/PICTURE"
523,"HJD","W_fict_prose","  of steel pressed against his flinching neck, and on the white-knuckled finger he could imagine curled round the little half moon of metal -- the least movement of which would",0.561530986543836,0.232083293353719,1.9159342617751,"1-VIZUALIZE/PICTURE"
524,"H8T","W_fict_prose","  death. Why such a bizarre notion should have entered her head I can not imagine, but I did not like to disillusion her, so I told her what",0.253705835540984,1.45180108225928,-0.882292793393351,"3-SUPPOSE/ASSUME"
525,"HEF","S_interview_oral_history","  it was a pretty fair exercise. (SP:PS2V9) Well I suppose but er you can imagine a lot worse than that. (SP:PS2V5) Billy (-----). And the rest of the",0.253705835540984,-0.0728461538726729,-0.602470087876506,"3-SUPPOSE/ASSUME"
526,"HR7","W_fict_prose","  a sun at sunset. She was a silk-and-satin girl; it was hard to imagine her in denim and cotton.' Doesn't that General Midwinter have style?",0.561530986543836,-0.682705048325456,1.63611155625825,"1-VIZUALIZE/PICTURE"
527,"FR5","W_non_ac_soc_science","  children. It's just the way it's been for years. You can imagine what it's like with a 140 other women all against them. As they",0.561530986543836,1.45180108225928,-0.322647382359662,"1-VIZUALIZE/PICTURE"
528,"JY3","W_fict_prose","  Fine. I don't mind you playing gooseberry at all.' Did she imagine a faint degree of tension suddenly evaporating from Guy Sterne's cool, enigmatic expression",0.253705835540984,-0.0728461538726729,1.63611155625825,"1-VIZUALIZE/PICTURE"
530,"EEW","W_fict_prose","  said her father,' I should imagine you didn't. And I should imagine from looking at you, you didn't imagine I'd be home so soon",-1.90107022147898,0.841942187806502,-0.602470087876506,"2-THINK/BELIVE"
531,"HTX","W_fict_prose","  said.' I know,' said Mahmoud.' It's hard to imagine a Zikr being a bit of a joker, isn't it? Still,",0.561530986543836,-0.682705048325456,0.236998028674028,"1-VIZUALIZE/PICTURE"
532,"G1S","W_fict_prose","  or whatever jolly games Johnny's preferences led him to pursue. She could readily imagine his feelings of guilt and self-disgust, and his anxiety to lay the blame at",0.561530986543836,1.45180108225928,-0.602470087876506,"1-VIZUALIZE/PICTURE"
533,"KCT","S_conv","  , you know, we want the money! (pause) She said well I should imagine that's what's happened (pause) the paper work here has got muddled up with",-1.90107022147898,1.14687163503289,-0.882292793393351,"3-SUPPOSE/ASSUME"
534,"HH3","W_non_ac_polit_law_edu","  its images of gigantic workforces of powerfully unionized white men -- should, one would imagine, be impervious to the new trend. Not so. With plants closing down",-1.90107022147898,-0.0728461538726729,-0.602470087876506,"2-THINK/BELIVE"
535,"J9Y","S_interview","  clien-- especially doctors they'd snap your hand off. (SP:PS40K) Well I can't imagine a doctor turn-- turning the offer down. (SP:PS40J) Well he's used to getting",0.561530986543836,-0.682705048325456,-0.602470087876506,"1-VIZUALIZE/PICTURE"
536,"JYC","W_fict_prose","  it, young lady. I don't know just what kind of monster you imagine I am, but having my wicked way with a girl in your state of",0.561530986543836,-0.682705048325456,0.236998028674028,"4-FALSE_PERCEPTION"
537,"FTX","W_misc","  ship, was nevertheless a blow. With hindsight, it is not difficult to imagine alternative uses for this fine estate which would have been of lasting benefit to the",0.561530986543836,0.232083293353719,-0.602470087876506,"1-VIZUALIZE/PICTURE"
538,"J9H","S_meeting","  instead a course of Beethoven, Mozart or Chopin? Is it so fantastic to imagine a future in which doctors w-- doctors will prescribe a visit to the art gallery",0.253705835540984,-0.987634495551847,0.796643439707718,"1-VIZUALIZE/PICTURE"
539,"CA5","W_non_ac_soc_science","  the post arrives or the phone rings, rather than feeling fearful or gloomy. Imagine yourself in a beautiful garden, dancing across the lawns in sheer delight. If",0.869356137546688,-1.29256394277824,2.19575696729194,"1-VIZUALIZE/PICTURE"
540,"AE7","W_non_ac_nat_science","  far it is sensible to say that genes' program' or' control'development. Imagine a Turing-like process generating a pattern in a sheet of cells, and then suppose",0.561530986543836,-0.377775601099064,0.236998028674028,"1-VIZUALIZE/PICTURE"
541,"HH3","W_non_ac_polit_law_edu","  may be more fragile and open to radical change than we have been led to imagine. The book is consistently thought-provoking and written with one eye firmly fixed on the",-0.0541193154618676,-0.377775601099064,-0.882292793393351,"4-FALSE_PERCEPTION"
542,"CCN","W_non_ac_humanities_arts","  by Sir Charles Sedley; set to music by Henry Purcell) # I can imagine the rise in colour and temperature of the' faithful swain' when meeting such",0.253705835540984,-0.682705048325456,1.07646614522456,"1-VIZUALIZE/PICTURE"
543,"KCU","S_conv","  , going in? Go in (SP:PS0GF) I've had that coat (SP:PS0GK) Could you imagine it though going into so-- somewhere like Dotty's or whatever and saying well (SP:PS0GF)",0.253705835540984,-0.987634495551847,-0.0428246768428166,"1-VIZUALIZE/PICTURE"
544,"G5B","S_speech_unscripted","  our housekeeping. Again another general view of a machine shop. You can just imagine, this place is cutting cast iron and metal all day, every day.",0.561530986543836,0.841942187806502,1.07646614522456,"1-VIZUALIZE/PICTURE"
545,"ABV","W_religion","  estranged from one another, yet who both wistfully long for reconciliation. Let us imagine that they meet and the man begins:' Darling, it's awful to",0.253705835540984,-0.682705048325456,0.796643439707718,"1-VIZUALIZE/PICTURE"
546,"EEB","W_commerce","  failures, and they have a point. It may be an over-simplification, but imagine the improvement to our daily lives if everyone always understood everyone else, and it",0.561530986543836,-0.987634495551847,-0.882292793393351,"1-VIZUALIZE/PICTURE"
547,"FU4","W_fict_drama","  been honest. PAMELA:' T IS injurious to me, madam, to imagine I am not honest. LADY DAVERS: Have you not been a-bed with my",0.253705835540984,-0.682705048325456,-0.882292793393351,"4-FALSE_PERCEPTION"
548,"CB8","W_pop_lore","  OUT OF BOUNDS Country children don't lead the idyllic and untrammelled lives many townies imagine.' Rural children have no right to play in areas which have become increasingly",0.253705835540984,-0.987634495551847,1.07646614522456,"4-FALSE_PERCEPTION"
549,"HTR","W_fict_prose","  . That sort of thing worries the college authorities no end, as you can imagine. But the inquest put a stop to all that. There was no evidence",-0.669769617467571,1.45180108225928,-0.602470087876506,"2-THINK/BELIVE"
550,"HRB","W_biography","  the gallinaceous family than any other of the Struthionidae.' It is impossible to imagine such an accident ever happening to the meticulous and super-observant John Gould, but Darwin",0.561530986543836,-0.377775601099064,0.516820734190873,"1-VIZUALIZE/PICTURE"
552,"HDL","S_interview_oral_history","  laboriously count that money and agree the total there and then. You can well imagine when all the buses ran in between eleven and half past eleven that there was",0.561530986543836,1.45180108225928,1.07646614522456,"1-VIZUALIZE/PICTURE"
553,"KD8","S_conv","  truth. But er she didn't like it. (SP:PS0LK) No, I can imagine. (SP:KD8PSUNK) But it didn't, it hasn't put Sally off er dancing",0.253705835540984,1.45180108225928,-0.602470087876506,"2-THINK/BELIVE"
554,"HGD","W_fict_prose","  , Jenna,' he murmured drily, looking down at her.' I imagine we will be hearing from your solicitor. As French law can be tediously long",-1.90107022147898,0.841942187806502,-0.882292793393351,"3-SUPPOSE/ASSUME"
555,"H8H","W_fict_prose","  come now, and automatically switched off.' I know that's what you imagine, and I guess I've let you believe that because I had become so",-1.59324507047613,-0.987634495551847,-1.1621154989102,"4-FALSE_PERCEPTION"
556,"EWH","W_fict_prose","  point out how much had already been done for her. "" I can't imagine how you can be so ungrateful, child, "" she said between coughing fits",0.561530986543836,1.14687163503289,-0.882292793393351,"3-SUPPOSE/ASSUME"
557,"ANL","W_fict_prose","  reflected momentarily.' I am not aware that I did. As you can imagine, there was a considerable scrimmage, with people anxious to obtain cabs -- particularly",-0.669769617467571,1.45180108225928,1.07646614522456,"2-THINK/BELIVE"
558,"FSP","W_fict_prose","  you really think I don't know what isolation's like? What do you imagine goes on in my head all night when you've been talking about splitting up",-0.669769617467571,1.14687163503289,-0.882292793393351,"1-VIZUALIZE/PICTURE"
559,"C8V","W_religion","  continuing to believe. Some people misunderstand what the rationality of faith means. They imagine that they have believed in God because faith is rational -- which it is --",-1.28541991947327,0.53701274058011,-0.882292793393351,"4-FALSE_PERCEPTION"
560,"APK","W_pop_lore","  a much more exciting and lively place and more relaxed than you could ever possible imagine if you read certain tabloid newspapers.' Going to Libya in 1988, Jousiffe",0.561530986543836,0.841942187806502,0.236998028674028,"1-VIZUALIZE/PICTURE"
561,"ARR","W_non_ac_nat_science","  life, they can expect to find creatures too strange and unearthly for us to imagine. But is there anything that must be true of all life, wherever it",0.253705835540984,0.53701274058011,1.35628885074141,"1-VIZUALIZE/PICTURE"
562,"J17","W_fict_prose","  have felt nothing at all. Might even have felt displeasure at the prospect. Imagine that somehow I knew you regarded the proposed arrangement with distaste. All the same",0.561530986543836,-0.377775601099064,-0.882292793393351,"1-VIZUALIZE/PICTURE"
563,"B10","W_non_ac_soc_science","  suggested that you might try ignoring certain categories of unacceptable behaviour. I can well imagine that you were protesting that there are behaviours (like aggression) which you simply",-0.0541193154618676,1.14687163503289,-0.602470087876506,"2-THINK/BELIVE"
564,"KNC","S_speech_unscripted","  . I was learning a lot over the period of making mistakes as you can imagine. So I was learning from my own mistakes and others at the time er",-0.669769617467571,1.45180108225928,-0.882292793393351,"2-THINK/BELIVE"
565,"J17","W_fict_prose","  in the days when we were both planning to be great composers. I should imagine she is writing an essay herself. The other contributions are probably mostly of a",-1.90107022147898,1.14687163503289,-0.602470087876506,"2-THINK/BELIVE"
566,"AT1","W_biography","  He doesn't tell us anything about that side of things but I can't imagine him ever finishing with someone. Gedge found the experience of sacking Shaun Charman very",0.561530986543836,-0.682705048325456,-0.322647382359662,"1-VIZUALIZE/PICTURE"
567,"JY0","W_fict_prose","  get involved. It's nothing to do with me.'' I would imagine she wanted you to tell her so that she can tell Alan, and he",-1.90107022147898,1.14687163503289,-0.882292793393351,"2-THINK/BELIVE"
569,"GVP","W_fict_prose","  golf very seriously; she told me her clubs are a matched set and I imagine they're worth quite a lot of money. I'm sure she keeps a",-1.90107022147898,1.14687163503289,-0.882292793393351,"2-THINK/BELIVE"
570,"GUU","W_fict_prose","  But the Jacobites didn't mint coins.'' If it existed, I imagine this would have been what we call a pattern, an unofficial design for a",-1.59324507047613,-0.987634495551847,-1.1621154989102,"3-SUPPOSE/ASSUME"
571,"K5L","W_newsp_other_social","  more likely to favour M &S; than Montana, Mugler or Miyake, don't imagine for one moment that what has been shown on these mammoth runways won't affect",-1.59324507047613,-0.987634495551847,-0.882292793393351,"4-FALSE_PERCEPTION"
572,"H0F","W_fict_prose","  the North Sea, and he won't be back till Christmas. Can you imagine anything so dreadful? "" Marion could. Christmas was only a few months away",0.253705835540984,0.232083293353719,-0.882292793393351,"1-VIZUALIZE/PICTURE"
574,"HR4","W_fict_prose","  with he thought some coolness behind the immediate offer of dinner. Suddenly he could imagine George on the Sunday after that Saturday evening at the cottage exhausted by nightmares pacing",0.561530986543836,-0.377775601099064,2.19575696729194,"1-VIZUALIZE/PICTURE"
575,"A90","W_newsp_brdsht_nat_sports","  nearest thing to a test against that granite-hard fighter that his supporters could hope to imagine. That he won a points decision against the Californian Mark Wills at Wembley will",0.561530986543836,1.14687163503289,-0.602470087876506,"1-VIZUALIZE/PICTURE"
576,"HD4","W_letters_personal","  humour and teamsmanship -- a statement provocative enough to get transmitted, as you might imagine. And we are cheerfully helped in our work by prisoners from Saughton, who",-0.669769617467571,1.45180108225928,-0.602470087876506,"2-THINK/BELIVE"
577,"KBW","S_conv","  a new car or (pause) whether he's got visitors. (SP:PS08A) (unclear) I should imagine it's a new car. (SP:PS087) Very posh isn't it? Is it",-1.90107022147898,1.14687163503289,-0.322647382359662,"2-THINK/BELIVE"
578,"BNA","W_misc","  personality would make it difficult to work comfortably with the rest of the staff. Imagine each of the candidates actually doing the job and dealing with the problems which might",0.561530986543836,-0.682705048325456,-0.602470087876506,"1-VIZUALIZE/PICTURE"
579,"FNW","W_fict_prose","  to say' Are you kidding?' Another joined in.' Can't imagine infinity. It's a daft idea. Mind you, I don't think",0.561530986543836,-0.987634495551847,-0.602470087876506,"1-VIZUALIZE/PICTURE"
580,"HPP","W_misc","  (? by public transport) to the starting point -- this can, I imagine, be supplied by the Council. Please let me know whether you think this",-1.90107022147898,1.14687163503289,-0.882292793393351,"2-THINK/BELIVE"
581,"HMP","S_brdcast_discussn","  I don't believe there will be a problem. (SP:PS3BX) Er ha I can imagine what you would say if it was in two miles of your property as to",0.561530986543836,-1.29256394277824,-0.322647382359662,"1-VIZUALIZE/PICTURE"
582,"KRE","S_brdcast_discussn","  important to distinguish between single chip microcomputers and the sort of microcomputers that erm people imagine have keyboards and screens and things, personal computers, which are often called microcomputers",0.253705835540984,1.75673052948568,1.07646614522456,"4-FALSE_PERCEPTION"
583,"KP4","S_conv","  (SP:PS6U1) (laugh) Usually it tastes quite potatoey and presumably rather leeky as well I should imagine. (SP:PS6U1) Hee hee hee yeah? I thought that was, that was a",-1.90107022147898,1.45180108225928,-0.882292793393351,"2-THINK/BELIVE"
584,"FNU","W_fict_prose","  send a telegram. It was of a personal nature.'' I can imagine,' said Babs.' I don't mean to pry,' floundered",0.253705835540984,1.45180108225928,-0.602470087876506,"2-THINK/BELIVE"
585,"HR8","W_fict_prose","  for you,' he said,' surrounded by all these wogs. I imagine you are deeply confused! Bowing to the East and carrying on like lunatics.",-1.90107022147898,0.841942187806502,-0.882292793393351,"2-THINK/BELIVE"
586,"CHE","W_biography","  a room next to where the old monastery used to be. As you can imagine, I didn't do much sleeping the first two or three nights I was",-0.0541193154618676,1.45180108225928,-0.882292793393351,"2-THINK/BELIVE"
587,"AT1","W_biography","  ' I think that it is crucial that I do it. I can't imagine myself having the opportunity to do something as important ever again.' Gedge has",0.561530986543836,-0.987634495551847,-0.882292793393351,"1-VIZUALIZE/PICTURE"
588,"FR3","W_fict_prose","  hung up on that, are you? Come now, you can not possibly imagine that anything could have come of your relation with that chit. In your heart",0.253705835540984,-0.987634495551847,-0.602470087876506,"4-FALSE_PERCEPTION"
589,"FSC","W_fict_prose","  . How anyone could have expected you to get properly well there I can not imagine! And David says that your husband is a doctor: he ought to have",0.561530986543836,-0.377775601099064,-0.882292793393351,"3-SUPPOSE/ASSUME"
590,"KBK","S_conv","  a rather naff comment actually, I can't imagine that, well I can imagine other people wearing big earrings because they're super confident. (SP:PS101) Then you obviously",0.253705835540984,0.841942187806502,1.35628885074141,"1-VIZUALIZE/PICTURE"
591,"H8X","W_fict_prose","  village. All the children have had measles, all five, you can not imagine what hard work it is, day and night and their poor eyes so sore",0.561530986543836,1.14687163503289,-0.882292793393351,"1-VIZUALIZE/PICTURE"
592,"HSL","W_pop_lore","  companies. IVF is already spreading to developing countries, and it is easy to imagine that other new methods will be introduced as well. The Chinese government for example",0.253705835540984,-0.377775601099064,-0.602470087876506,"2-THINK/BELIVE"
593,"H0F","W_fict_prose","  , tinged with pink, so real that you could almost smell them, almost imagine yourself out of this noisy workshop and waling between trees at dawn. What about",0.253705835540984,-0.987634495551847,1.63611155625825,"1-VIZUALIZE/PICTURE"
594,"BMC","W_pop_lore","  of the music seem to belie that generally accepted claim: it is difficult to imagine such depth of repose in so young a man -- though that in turn gives",0.561530986543836,0.53701274058011,-0.602470087876506,"2-THINK/BELIVE"
595,"BNA","W_misc","  subside. Do not just skip over this bit. Really think about it. Imagine the very worst that can happen at the interview -- you fall over, give",0.869356137546688,-0.682705048325456,0.796643439707718,"1-VIZUALIZE/PICTURE"
596,"KE2","S_conv","  (pause) you get the adrenalin flowing. (laugh) (SP:PS0W8) Yes, yes I can well imagine it. (SP:PS0W2) You know there's, there's apparently there's a black",0.253705835540984,0.232083293353719,-0.602470087876506,"2-THINK/BELIVE"
597,"GVP","W_fict_prose","  between him and me? Well, it won't work. And don't imagine that just because he's got to go back on Saturday, we shan't",-1.28541991947327,0.841942187806502,-0.882292793393351,"4-FALSE_PERCEPTION"
598,"KD5","S_conv","  ? Jesus! (SP:PS0JY) Disgusting! It really irritates me! (SP:PS0JX) I can just imagine what it's gon na look like in a few years when it gets (SP:PS0JY)",0.561530986543836,-0.377775601099064,1.07646614522456,"1-VIZUALIZE/PICTURE"
599,"KCT","S_conv","  , is she driving, or is she not? (SP:PS0FP) Erm, I should imagine so. Yes, she is. (SP:PS0FS) Is she? (SP:PS0FP) Don't she like",-1.90107022147898,1.14687163503289,0.516820734190873,"2-THINK/BELIVE"
600,"GUU","W_fict_prose","  the murder weapon. Eye witnesses. You know the sort of thing. I imagine they're even more necessary when the person concerned is an old friend of the",-1.90107022147898,0.841942187806502,-0.882292793393351,"2-THINK/BELIVE"
602,"HHW","W_hansard","  Mr. Beith The Government are still trying to get away with having no policy. Imagine what would happen if Britain sought to remain outside a single currency and European monetary",0.869356137546688,-0.987634495551847,-0.882292793393351,"1-VIZUALIZE/PICTURE"
603,"K4W","W_newsp_other_report","  Council over the pedestrianisation of Skinnergate are wasting their time. It is hard to imagine a retailer being able to prove that loss of trade was directly attributable to the",0.253705835540984,-0.377775601099064,-1.1621154989102,"1-VIZUALIZE/PICTURE"
604,"GV8","W_fict_prose","  not imagine him chasing after other women once he had committed himself, could not imagine him being so insensitive as to leave a woman -- his woman -- wondering why",0.561530986543836,-0.987634495551847,-0.602470087876506,"1-VIZUALIZE/PICTURE"
605,"G06","W_fict_prose","  make their children unhappy, but it seemed an unfair reflection. I couldn't imagine myself making my children happy, having no conception of how to go about it",0.561530986543836,-0.377775601099064,-0.882292793393351,"1-VIZUALIZE/PICTURE"
606,"HGN","W_fict_prose","  Thanks for keeping us so clued in,' he snaps.' Can you imagine what they would have done to anyone who spilled the beans?'' Why",0.561530986543836,-0.682705048325456,-0.602470087876506,"1-VIZUALIZE/PICTURE"
607,"BNV","W_pop_lore","  garden shed on stilts. In the same building there is triple spiral staircase. Imagine three spiral staircases starting from the ground 120 degrees apart in plan view, and",0.561530986543836,0.53701274058011,1.9159342617751,"1-VIZUALIZE/PICTURE"
608,"HA3","W_fict_prose","  box would be able to swim faster than he could. He tried not to imagine what it would be like to drown in the Ankh.' It won't",0.869356137546688,-0.682705048325456,1.07646614522456,"1-VIZUALIZE/PICTURE"
609,"G2J","W_misc","  as though possibility had suddenly been released from the grip of necessity and we could imagine the world we wanted. Public life in Britain and America was curiously still.",0.561530986543836,-0.987634495551847,-0.322647382359662,"1-VIZUALIZE/PICTURE"
610,"KDJ","S_conv","  (SP:PS0N4) as far as I can gather, I don't know, I'd imagine where a line has a minimum period of three months rental (SP:PS0N3) mm (SP:PS0N4) right",-1.90107022147898,-0.0728461538726729,-0.882292793393351,"2-THINK/BELIVE"
611,"AC4","W_fict_prose","  group by the wall.' Harriet Shakespeare's over there. I can't imagine what brought her, but I'm certain you've seen her.''",0.253705835540984,0.841942187806502,-0.882292793393351,"3-SUPPOSE/ASSUME"
612,"F7L","S_classroom","  ticket for life, now are you going to do anything, er can you imagine what you might like to work at? (SP:F7LPSUNK) No (SP:PS1MF) You have a little",0.561530986543836,-0.0728461538726729,-0.882292793393351,"1-VIZUALIZE/PICTURE"
613,"KCN","S_conv","  himself he wouldn't be having one at all. (pause) Well I don't imagine, unless he went out for it. (pause) Fish and chips at night is",-1.90107022147898,-0.377775601099064,-0.882292793393351,"2-THINK/BELIVE"
614,"C94","W_misc","  which fibre-rich foods help you to shed weight, I don't want you to imagine that they are calorie-free. In the bad old days of low-carbohydrate diets, many",-1.59324507047613,-0.987634495551847,-0.602470087876506,"2-THINK/BELIVE"
615,"EVG","W_fict_prose","  he looked across the now peaceful Green, he found it was surprisingly easy to imagine it filled with men and women in uniform fighting for a cause they truly believed",0.561530986543836,-1.29256394277824,1.63611155625825,"1-VIZUALIZE/PICTURE"
616,"BP9","W_fict_prose","  for an hour in my roomette looking out at the unvarying scenery and trying to imagine anything else that Filmer might have paid to have done. It was all the",0.869356137546688,-0.377775601099064,-0.882292793393351,"1-VIZUALIZE/PICTURE"
617,"CCW","W_fict_prose","  a day of pure pleasure, Mr Breakspear?' I did not need to imagine such a day, I could remember plenty. I remembered lying in bed with",0.253705835540984,-0.0728461538726729,-0.602470087876506,"1-VIZUALIZE/PICTURE"
618,"A69","W_non_ac_polit_law_edu","  would not look. So they devoted themselves to promoting political movements which they could imagine would still reach the Milnerian goal.' Both races hope for prosperity, prosperity",0.253705835540984,-0.377775601099064,-0.882292793393351,"3-SUPPOSE/ASSUME"
619,"J17","W_fict_prose","  that I've seen his photograph and read his prose style, I can't imagine how he and Serafin ever contrived to live together. The more I think about",0.561530986543836,1.45180108225928,-0.322647382359662,"3-SUPPOSE/ASSUME"
620,"BMM","W_biography","  I took a little time off in Rome to do some shopping. Many people imagine that it is a glamorous life, jetting around the world for the big athletics",0.561530986543836,-0.987634495551847,1.07646614522456,"4-FALSE_PERCEPTION"
621,"KPM","S_conv","  (unclear) (SP:PS56M) Yeah. Do they go to Pocklington occasionally (unclear) (SP:KPMPSUNK) (unclear) I can imagine (SP:PS56M) You know when it takes you what (SP:KPMPSUNK) Yeah. (SP:PS56M) twenty five minutes",-0.361944466464719,0.53701274058011,-0.602470087876506,"2-THINK/BELIVE"
622,"F9X","W_fict_prose","  we are grateful to you. Now that you have seen us, you can imagine that we enjoy little in the way of sensory awareness. We exist in pure",0.561530986543836,1.14687163503289,-0.602470087876506,"2-THINK/BELIVE"
623,"FBN","W_pop_lore","  and a mixture of plants and rocks to see what they like. I would imagine the natural food is small aquatic organisms, so pond foods, live or frozen",-1.90107022147898,1.45180108225928,0.796643439707718,"3-SUPPOSE/ASSUME"
624,"KD5","S_conv","  , there's work (pause) all the oil was in here I I I would imagine, yeah? (SP:PS0JX) Yeah, yeah. (SP:PS0JY) Yeah, we got erm nice",-1.90107022147898,1.14687163503289,-0.882292793393351,"2-THINK/BELIVE"
627,"KBF","S_conv","  bit more. (SP:PS04U) (unclear) they'll cut them. (pause) (SP:PS04V) Well I should imagine they'll cut them yeah. (SP:PS04U) They, they will they won't (pause)",-1.90107022147898,-0.377775601099064,-0.882292793393351,"2-THINK/BELIVE"
628,"KDN","S_conv","  Mhm. (SP:PS1HH) Do you wan na (SP:PS1HJ) It is soon? (SP:PS1HH) I would imagine that it's very soon. (SP:PS1HJ) Mhm. (SP:PS1HH) Should be near enough next",-1.90107022147898,0.841942187806502,-0.602470087876506,"2-THINK/BELIVE"
629,"H9C","W_fict_prose","  kicked the earth with the toe of his boot. Oh, he could just imagine Philip's display of outraged innocence and then the letter would come from the Pope",0.561530986543836,0.841942187806502,1.07646614522456,"1-VIZUALIZE/PICTURE"
631,"ANF","W_biography","  has been stolen. This seems to be a speciality of Nice. You can imagine how annoyed I am. Naturally I am broke, or almost. It's",0.253705835540984,1.45180108225928,-0.602470087876506,"2-THINK/BELIVE"
632,"G01","W_fict_prose","  by now. She hadn't been to work for two nights. Carol could imagine his state of mind. Had he finally realised there was someone else? If",0.561530986543836,1.45180108225928,-0.602470087876506,"1-VIZUALIZE/PICTURE"
633,"APM","W_fict_prose","  ought to be. We need you. Jack needs you. Can't you imagine what strain he's under?'' If he wants to talk to Marcus",0.869356137546688,1.14687163503289,-0.602470087876506,"1-VIZUALIZE/PICTURE"
634,"EUY","W_misc","  Well, they jogged along for some time but, as you might care to imagine, there had to come a moment when the legs had reached the top of",-0.0541193154618676,1.14687163503289,-0.882292793393351,"2-THINK/BELIVE"
635,"JSU","S_classroom","  of those things but we can imagine them, can't we? You can imagine the squirrels running up and down the trees without seeing them, so something else",0.561530986543836,-0.377775601099064,1.9159342617751,"1-VIZUALIZE/PICTURE"
636,"GVL","W_fict_prose","  ? The Yggdrasil projection?'' Going his own mysterious way, I should imagine. We're the team from now on, I gather.' She must",-1.90107022147898,0.841942187806502,-0.602470087876506,"2-THINK/BELIVE"
637,"CL7","W_pop_lore","  -- the boots have a Sympatex liner, but because of the liner, I imagine these aren't boots you can easily get repaired. As for the Sympatex liner",-1.90107022147898,1.14687163503289,-0.322647382359662,"3-SUPPOSE/ASSUME"
638,"C8S","W_fict_prose","  . I'd been leading such a rackety life -- Edouard, you can't imagine. Rushing about from one racetrack to another, always on planes or trains.",0.253705835540984,1.14687163503289,1.07646614522456,"1-VIZUALIZE/PICTURE"
639,"AEA","W_fict_prose","  had no intention of being unkind to his wife.' But I can't imagine that your plan for me would enhance Bo-Bo's pleasure.'' I've",-1.28541991947327,-0.0728461538726729,-0.602470087876506,"2-THINK/BELIVE"
640,"H9M","W_commerce","  the solution for y t, which we denote by (deleted:formula), is (deleted:formula) Now imagine that the authorities followed a simple rule linking the money supply in period t to",0.561530986543836,-0.987634495551847,-0.602470087876506,"1-VIZUALIZE/PICTURE"
641,"HTU","W_fict_prose","  over-sized weapon. Which probably got a cheap laugh somewhere, although I can't imagine where. Laura picked up the bedside telephone and dialled the number. There was",0.561530986543836,0.232083293353719,-0.882292793393351,"3-SUPPOSE/ASSUME"
642,"CJJ","W_fict_prose","  in good stead in battle. As he smelled the smouldering frankincense, he would imagine his own body inflamed and his soul soaring from it like smoke. Tundrish paid",0.561530986543836,-1.59749339000463,1.9159342617751,"1-VIZUALIZE/PICTURE"
643,"EA8","W_commerce","  great national institutions which create the external conditions under which we operate. I would imagine that industry confronts and copes with more forms of change than any other branch of",-1.90107022147898,1.14687163503289,-0.882292793393351,"3-SUPPOSE/ASSUME"
644,"CEB","W_fict_prose","  spoke and finally broke off on a clipped note of finality.' I can imagine that. Diabetes is quite a burden to carry through life.'' The",0.561530986543836,1.14687163503289,-0.602470087876506,"2-THINK/BELIVE"
645,"AL6","W_newsp_brdsht_nat_misc","  hands.' In my judgment this is an appropriate case. I can not imagine a worse,' he said. The worst riot in British penal history started",0.561530986543836,-0.682705048325456,0.796643439707718,"1-VIZUALIZE/PICTURE"
646,"FPN","W_biography","  precisely this cautious attitude and the conversation was as sluggish as it is possible to imagine. I formed the view of a singularly unattractive character: unattractive in appearance,",0.561530986543836,1.45180108225928,-0.602470087876506,"1-VIZUALIZE/PICTURE"
647,"ALG","W_non_ac_polit_law_edu","  whether those who have received an agricultural education run more profitable agricultural businesses but I imagine most people assume they do. Perhaps we ought to (deleted:figure-2) The acceptance of technological",-1.59324507047613,-0.377775601099064,-0.882292793393351,"2-THINK/BELIVE"
648,"H7B","W_commerce","  and challenges facing all parts of the organisation. Finally, if we are to imagine an organisation in which information is widely diffused, where the members of that organisation",0.253705835540984,-0.377775601099064,-0.602470087876506,"1-VIZUALIZE/PICTURE"
650,"CB1","W_non_ac_humanities_arts","  predict others' behaviour, he does find it a practical necessity at times to imagine from their viewpoints at the cost of transiently feeling himself moved in altruistic directions.",0.869356137546688,1.45180108225928,-0.602470087876506,"1-VIZUALIZE/PICTURE"
651,"HHV","W_hansard","  and 2,472, 900 in October 1991. Mr. Wareing Does the Secretary of State imagine that such figures could have been given to any other Parliament in the European Community",-1.59324507047613,-0.682705048325456,-0.882292793393351,"4-FALSE_PERCEPTION"
652,"GYW","S_interview_oral_history","  boiler and it was probably heated up every day of the week and (unclear) can imagine what it would be like being in (unclear) prison. (laughing) (unclear). However that",0.561530986543836,-0.0728461538726729,0.796643439707718,"1-VIZUALIZE/PICTURE"
653,"A0R","W_fict_prose","  , noisily.' That was quite a place,' she enthused.' Imagine the huge room at the front painted a sort of duck-egg blue. A golden",0.561530986543836,-0.682705048325456,1.63611155625825,"1-VIZUALIZE/PICTURE"
655,"JJH","S_unclassified","  are? (SP:JJHPSUNK) No (SP:PS46G) It would do yes, but w--, wo--, imagine that they're there because the team's now for solving problems. (SP:JJHPSUNK) You",-1.28541991947327,0.53701274058011,-0.602470087876506,"2-THINK/BELIVE"
656,"EAK","W_non_ac_nat_science","  health insurance to the United States? To continue my predictions for the future. Imagine four potential cases of genetic disablement. # (1) # When a haemophiliac wants",0.561530986543836,-0.377775601099064,-0.602470087876506,"1-VIZUALIZE/PICTURE"
657,"HU8","W_misc","  Naomi Vera. 18. FANTASY -- National Display Team Choreographed by: MARGARET CHARLWOOD Imagine a glimpse into an enchanted garden, full of secrets and surprises Performers: Chris",0.561530986543836,-1.29256394277824,2.19575696729194,"1-VIZUALIZE/PICTURE"
659,"A57","W_newsp_brdsht_nat_report","  ' Mrs Sisulu said.' We were so excited to meet, you can imagine! We're almost the same age, I'm just a few months older",0.561530986543836,1.45180108225928,-0.882292793393351,"2-THINK/BELIVE"
660,"G07","W_fict_prose","  prison, or more than one year of solitary confinement. One just can't imagine what prison is like from outside. You think, well there'd be lots",0.561530986543836,-0.682705048325456,1.07646614522456,"1-VIZUALIZE/PICTURE"
661,"C9W","W_misc","  relaxed and comfortable. Perhaps the easiest way to explain is to ask you to imagine what it feels like to be lying tucked up, snug and warm, in",0.869356137546688,-0.682705048325456,1.9159342617751,"1-VIZUALIZE/PICTURE"
662,"HP0","W_fict_prose","  back to the house, thinking over Rodet's strange reaction. She could not imagine any English capitalist taking kindly to the idea that someone out there in the jungle",0.561530986543836,-0.987634495551847,-0.602470087876506,"1-VIZUALIZE/PICTURE"
663,"EWH","W_fict_prose","  cattle raids, skirmishes, pranks and hunting expeditions; and so vividly could she imagine them that it seemed that she actually heard their voices, saw their red-cheeked smiles",0.561530986543836,-1.29256394277824,2.19575696729194,"1-VIZUALIZE/PICTURE"
664,"AC5","W_fict_prose","  in half like a crooked stump into the front passenger seat. Dot tried to imagine that the two women in front were her footmen and she was one of the",0.869356137546688,-0.987634495551847,1.35628885074141,"1-VIZUALIZE/PICTURE"
665,"BMC","W_pop_lore","  miraculous synthesis of creative inspiration, interpretative insight and spellbinding BPO playing. I can imagine that there may be some listeners who fill find the earlier movements just a shade",0.253705835540984,-0.0728461538726729,-0.882292793393351,"2-THINK/BELIVE"
666,"HD2","W_non_ac_soc_science","  however caution that financial and other constraints compel us to plan more conservatively than I imagine you would wish. The only new track which we envisage in the next 10-15",-1.59324507047613,0.53701274058011,-0.602470087876506,"3-SUPPOSE/ASSUME"
667,"ACB","W_fict_prose","  bikes on the tarmac-and-broken-glass wastelands of open' play areas'. She tried to imagine the people here sitting on their front doorsteps with a cup of tea and a",0.869356137546688,-0.987634495551847,1.9159342617751,"1-VIZUALIZE/PICTURE"
668,"A57","W_newsp_brdsht_nat_report","  night. Further suggesting to Mrs Sisulu that she might afford to hope, to imagine that her husband might be freed, was a meeting that she and other leaders",0.561530986543836,-0.987634495551847,1.07646614522456,"2-THINK/BELIVE"
671,"JY2","W_fict_prose","  here, fitted so well with Venice's proud past. She could quite easily imagine him in a black cloak or a doge's zoia. Unconsciously she sighed.",0.561530986543836,-0.682705048325456,1.9159342617751,"1-VIZUALIZE/PICTURE"
672,"CCW","W_fict_prose","  love and care and time I had poured into her, and I tried to imagine her rotting under the tropical sun with her paint peeling, her deck planks opening",0.869356137546688,-0.987634495551847,2.19575696729194,"1-VIZUALIZE/PICTURE"
673,"FNU","W_fict_prose","  're all the same. You tell her from me.' Stella tried to imagine a younger Lily giving Uncle Vernon cause for jealousy. It wasn't possible.",0.561530986543836,-0.682705048325456,-0.602470087876506,"1-VIZUALIZE/PICTURE"
674,"CJJ","W_fict_prose","  . So maybe nowhere near. Maybe the Emp was further away than Biff could imagine. And even more mega. What was the most mega thing Biff knew?",0.253705835540984,-0.682705048325456,0.516820734190873,"1-VIZUALIZE/PICTURE"
675,"J1G","W_email","  , and Arsenal(*2). Everytime I am about to go to a cup match I imagine myself travelling back home feeling like shit. It would be even worse this time",0.561530986543836,-0.682705048325456,-0.602470087876506,"1-VIZUALIZE/PICTURE"
676,"ADY","W_fict_prose","  in the house. She had tried to seduce even Gareth. Not hard to imagine she'd set her sights also on Perkin. Intelligent men in love with their",0.561530986543836,0.841942187806502,-0.882292793393351,"2-THINK/BELIVE"
677,"CK5","W_pop_lore","  's why he feels the need to remind us that His Name Is Prince. Imagine Bivouac singing' Hey, hey, our name is Bivouac and we're pretty",0.561530986543836,-0.682705048325456,0.236998028674028,"1-VIZUALIZE/PICTURE"
678,"HWH","W_commerce","  so-called original position behind' a veil of ignorance'. The idea is to imagine you have been called to a' convention' to set the rules of the",0.561530986543836,-0.987634495551847,-0.602470087876506,"1-VIZUALIZE/PICTURE"
680,"A4M","W_newsp_brdsht_nat_social","  things, you can't expect behaviour to be totally unchanged. You can't imagine a political party saying we're going to bring back these things that have gone",0.253705835540984,-0.682705048325456,-0.882292793393351,"1-VIZUALIZE/PICTURE"
681,"K4D","W_newsp_other_social","  get from hubby, John, 35. She says:' As you can imagine it was a busy time for us. Without John I doubt is any of",0.253705835540984,1.14687163503289,-0.602470087876506,"2-THINK/BELIVE"
682,"J17","W_fict_prose","  , very possibly. SERAFIN: Also in minutes and reports? SUMMERCHILD: I imagine it was. SERAFIN: Which you regard as being different from using it in",-1.90107022147898,1.14687163503289,-0.602470087876506,"2-THINK/BELIVE"
684,"FR3","W_fict_prose","  the howdah of my head and goad him. What a relief. Can you imagine it, to have grown up insane and then in one fell swoop to achieve",0.561530986543836,-0.987634495551847,-0.602470087876506,"1-VIZUALIZE/PICTURE"
685,"B7C","W_non_ac_nat_science","  dye molecules originally rendered opaque. The laser has' bleached' the dye. Imagine a sheet of material that contains the dye, cross-hatched to divide it into an",0.561530986543836,0.232083293353719,1.63611155625825,"1-VIZUALIZE/PICTURE"
686,"KP4","S_conv","  (laugh) (unclear) yeah? Don't you reckon? (SP:PS6U1) Oh God, can you imagine sitting there and actually just washing people's windows and trying to get some money",0.561530986543836,-0.682705048325456,1.63611155625825,"1-VIZUALIZE/PICTURE"
687,"KRJ","S_speech_unscripted","  And this is another fallacy that really struck me when I saw this; you imagine Victorian stitchery to be uniformly fine and perfect, twenty stitches to the inch and",0.253705835540984,-0.682705048325456,1.35628885074141,"4-FALSE_PERCEPTION"
688,"G12","W_fict_prose","  's. Every time Dyson looked at himself in the kitchen mirror, trying to imagine it was a television screen, his stomach and Jannie's stomach turned over in",0.869356137546688,-0.987634495551847,1.35628885074141,"1-VIZUALIZE/PICTURE"
689,"B04","W_non_ac_soc_science","  underlie those issues. I shall take as my starting point a television programme I imagine many of you will have seen recently. This featured the Worldwide Fund for Nature",-1.90107022147898,1.14687163503289,-0.602470087876506,"3-SUPPOSE/ASSUME"
690,"EEW","W_fict_prose","  must surely be a tease. Because he couldn't for the life of him imagine what he personally could have done to her. That brute of a father,",0.561530986543836,-0.377775601099064,-0.602470087876506,"3-SUPPOSE/ASSUME"
691,"BMT","W_misc","  seasons in a far stronger form than more settled people. It is tempting to imagine an exchange of information and assistance between gypsies and witches, both being subjected at",0.561530986543836,-0.987634495551847,-0.882292793393351,"1-VIZUALIZE/PICTURE"
692,"KM2","S_brdcast_discussn","  Well it's about erm about four dollars a pound over there which I would imagine is about nearly three pounds. (SP:PS30G) Mm. (SP:PS30H) Yeah wonderful wonderful food. (SP:PS30G)",-1.90107022147898,1.45180108225928,-0.602470087876506,"2-THINK/BELIVE"
693,"J17","W_fict_prose","  Or rather,' he continues. Three more dots, during which, I imagine, he is looking evasively out of the window. He is doing something,",-1.90107022147898,0.53701274058011,1.35628885074141,"2-THINK/BELIVE"
694,"H8J","W_fict_prose","  control over any woman, and he was so powerfully attractive that she couldn't imagine any woman turning him down.' That truce didn't last long, did",0.561530986543836,-0.377775601099064,-0.602470087876506,"1-VIZUALIZE/PICTURE"
695,"J17","W_fict_prose","  I see from the biography inside, and the E stands for Edward. I imagine his friends call him Ted. I open the book at random.' What",-1.90107022147898,0.841942187806502,-0.882292793393351,"2-THINK/BELIVE"
696,"C9W","W_misc","  not even aware that she had done it. She had not been able to imagine why she should be suffering those anxiety attacks for so long. But, although",0.869356137546688,0.841942187806502,-0.882292793393351,"3-SUPPOSE/ASSUME"
697,"KAY","W_essay_school","  madman whose twisted mind helped him justify all his crimes'. As you can imagine, Michael used his telekinetic powers to kill the dreaded Dr Adams, in order",0.253705835540984,1.14687163503289,1.07646614522456,"2-THINK/BELIVE"
698,"C86","W_fict_prose","  , but there were forty-six paintings on the walls. Every colour moon you could imagine (and some you couldn't). Nowhere to land, not unless you",0.561530986543836,-0.0728461538726729,1.35628885074141,"1-VIZUALIZE/PICTURE"
699,"JXU","W_fict_prose","  .'' I'm not surprised.'' Not for the reasons you imagine, Sarella.' He offered her a bleak look,' You're full",-1.90107022147898,-0.682705048325456,-0.882292793393351,"1-VIZUALIZE/PICTURE"
700,"H8T","W_fict_prose","  were assured, was instantaneous.' This dreadful incident was, as you may imagine, a shattering blow to the society. Ramsey, though a touch priggish at",0.253705835540984,1.45180108225928,-0.882292793393351,"2-THINK/BELIVE"
701,"H9N","W_fict_prose","  no one armed. I am a Danuese.' Silence followed. I could imagine them looking at each other. I said again, my voice a little higher",0.561530986543836,0.53701274058011,1.07646614522456,"1-VIZUALIZE/PICTURE"
702,"C8T","W_fict_prose","  prose. It's an infallible test.'' But not one, I imagine, that the English faculties would support. I'll be leaving in ten minutes",-1.90107022147898,-0.682705048325456,-0.882292793393351,"2-THINK/BELIVE"
703,"J17","W_fict_prose","  someone outside the Civil Service. There is no address on it, but I imagine Dr Serafin was an academic. A younger man, I think -- younger than",-1.90107022147898,1.45180108225928,-0.602470087876506,"2-THINK/BELIVE"
704,"CG3","W_non_ac_humanities_arts","  your main character. What are the four most significant aspects of his being? Imagine your place. What makes it unique? Why does the change have to happen",0.561530986543836,1.45180108225928,1.07646614522456,"1-VIZUALIZE/PICTURE"
705,"B7H","W_non_ac_nat_science","  imagined outcome should not be set as a goal; it is not possible to imagine the unexpected however rich our imaginations, and so the possible pot of gold is",0.561530986543836,-0.987634495551847,-0.602470087876506,"1-VIZUALIZE/PICTURE"
706,"H45","W_pop_lore","  are as they are. It's a great life. I just can't imagine doing anything else.' # Robotic Surgeons # Liz Lee reveals how progress in",0.253705835540984,-0.682705048325456,-0.322647382359662,"1-VIZUALIZE/PICTURE"
707,"FAT","W_fict_prose","  Caf du Coin, to be nearer her' young man'. One might imagine that Jean-Claude would have done all he could to dissuade Montaine from decamping. It",0.253705835540984,-0.682705048325456,-0.602470087876506,"2-THINK/BELIVE"
708,"CCM","W_fict_prose","  the days when she would be able to afford clothes like she saw there. Imagine if you could go in and buy maybe four of the pencil-slim skirts in different",0.561530986543836,-0.682705048325456,1.07646614522456,"1-VIZUALIZE/PICTURE"
709,"HA7","W_fict_prose","  with him might throw some light on Elise's baffling death. Merrill couldn't imagine quite how this would come about; nor would it bring Elise back, she",0.561530986543836,-0.377775601099064,-0.882292793393351,"1-VIZUALIZE/PICTURE"
711,"BMT","W_misc","  your natural impressions. Try dowsing without rods: it's much less cumbersome. Imagine them: it works just as well! # THE DRAGON PROJECT # Despite its",0.869356137546688,-1.29256394277824,1.63611155625825,"1-VIZUALIZE/PICTURE"
712,"AS3","W_misc","  a dead lamb lying (deleted:picture) (deleted:picture) innocently at the bottom of the pool. Just imagine jumping in and putting your feet through it. # OVERLEAF: Looking towards the",0.561530986543836,-1.29256394277824,1.35628885074141,"1-VIZUALIZE/PICTURE"
713,"H7B","W_commerce","  computer which are as close to normal English as possible. Is it feasible to imagine using personal computing for all aspects of a computerised personnel information system? In my",0.561530986543836,0.53701274058011,-0.882292793393351,"1-VIZUALIZE/PICTURE"
714,"ED7","W_pop_lore","  (flat-nik): loyal fans surrendering their flats for the purposes of performance. Imagine a stuffy, smokey room, about 20 square metres, two or three musicians",0.869356137546688,-0.987634495551847,2.19575696729194,"1-VIZUALIZE/PICTURE"
715,"CEC","W_fict_prose","  woman. They have a son who is at boarding school. As you might imagine, the family is at pains to have no contact with our embassy whatsoever.",-1.59324507047613,1.14687163503289,-0.882292793393351,"2-THINK/BELIVE"
716,"CEN","W_newsp_other_report","  , but not yet.' As those were the best lines, you can imagine what the rest were like. Mr Major finished to a sea of waving order",0.253705835540984,0.841942187806502,-0.882292793393351,"1-VIZUALIZE/PICTURE"
717,"CMC","W_misc","  to have before even thinking about the rest of your army. You have to imagine how your supporting troops are going to help the core units do their job.",0.561530986543836,-0.377775601099064,-0.0428246768428166,"1-VIZUALIZE/PICTURE"
718,"KBF","S_conv","  it (pause) and I didn't really want to spare the time because you could imagine that I wanted to get ready to come away (pause) but I I made myself",0.253705835540984,1.14687163503289,-0.602470087876506,"2-THINK/BELIVE"
719,"CGC","W_pop_lore","  style over content. American football is profoundly dull when pared down to basics -- imagine the game free of cheerleaders, Lycra, shoulder pads, helmets, half-time razzmatazz",0.561530986543836,-1.29256394277824,1.35628885074141,"1-VIZUALIZE/PICTURE"
720,"HH7","W_commerce","  of sale must have a condition somewhere at its core. It is difficult to imagine one without at least two conditions, namely, that the buyer will pay the",0.561530986543836,-0.682705048325456,-0.882292793393351,"1-VIZUALIZE/PICTURE"
721,"CET","W_non_ac_nat_science","  difficulty concerns the sheer numbers of such spores that would need to be involved. Imagine that we, the human species, released one billion living spores into the Universe",0.561530986543836,-1.59749339000463,1.07646614522456,"1-VIZUALIZE/PICTURE"
722,"JA3","S_interview","  they can now. That's made a lot of difference. (SP:PS40U) I can imagine yeah. (SP:PS40T) And so I went back two months after. In fact I",0.253705835540984,1.14687163503289,-0.882292793393351,"2-THINK/BELIVE"
723,"HWC","W_fict_prose","  . I could feel myself starting to slide off into sleep; I began to imagine and see all sorts of weird things behind my eyes: maze-shapes and spreading areas",0.561530986543836,-1.29256394277824,1.63611155625825,"1-VIZUALIZE/PICTURE"
724,"B2U","W_misc","  -10, 10-20, 20-30, 30-40, 40-50, 50-60, 60-70, 70+ Imagine you were trying to find out if a DIY store would do well in your",0.561530986543836,-0.987634495551847,-0.602470087876506,"1-VIZUALIZE/PICTURE"
725,"GVU","W_commerce","  , No. 3 is the same as No. 1, but it is easy to imagine many circumstances in which they would be different in practice. For example, an",0.561530986543836,-0.377775601099064,-0.882292793393351,"1-VIZUALIZE/PICTURE"
726,"AS3","W_misc","  mystery made it all the more attractive and seductive. My brother and I would imagine all manner of things to be lurking at the top, from demons' castles",0.561530986543836,-1.29256394277824,1.35628885074141,"1-VIZUALIZE/PICTURE"
727,"H9M","W_commerce","  aggregate supply curve. # 4.2 THE FLEXIBLE-PRICE -- NATURAL RATE AGGREGATE SUPPLY CURVE # Imagine the economy as consisting of a large number of geographically separate markets. It may",0.561530986543836,-0.377775601099064,-0.882292793393351,"1-VIZUALIZE/PICTURE"
728,"C9H","W_pop_lore","  judged against a background of an aesthetic theory: preferences are entirely subjective. I imagine that Struan is operating, probably unconsciously, with a theory of art in which",-1.90107022147898,1.14687163503289,-0.882292793393351,"2-THINK/BELIVE"
729,"CKB","W_fict_prose","  .' Bill Coleby?' The voice was harsher than before.' I imagine everyone in Plumford has heard of Bill Coleby.' Peter had planned a small",-1.90107022147898,1.45180108225928,-0.602470087876506,"3-SUPPOSE/ASSUME"
730,"G07","W_fict_prose","  through the skin of stones and then I shall be in soft earth (I imagine). Perhaps it's all wild. But I'm in a fever to",-1.59324507047613,-0.377775601099064,0.796643439707718,"2-THINK/BELIVE"
731,"BNN","W_non_ac_humanities_arts","  . This made the plight of the refugees more desperate than anyone in London could imagine. Winton duly threw himself into the muddled affairs of the British Committee for Refugees",0.561530986543836,0.841942187806502,-0.882292793393351,"1-VIZUALIZE/PICTURE"
732,"AK2","W_newsp_brdsht_nat_misc","  rewarded with an increase in seats and votes in Scotland which no one had dared imagine. Michael Forsyth held Stirling and Chris Patten lost Bath. That does not fit",0.253705835540984,1.45180108225928,-0.882292793393351,"1-VIZUALIZE/PICTURE"
733,"ARP","W_non_ac_soc_science","  look which the skins wished to cultivate. # MUSIC # It is difficult to imagine a youth cult without its own type of music. Music serves to identify and",0.561530986543836,-0.682705048325456,-0.882292793393351,"1-VIZUALIZE/PICTURE"
734,"HHX","W_hansard","  have been made about public expenditure are as far from the truth as one can imagine. Let us look at the figures for central Government expenditure per head of population",0.253705835540984,1.14687163503289,-0.882292793393351,"1-VIZUALIZE/PICTURE"
735,"BMC","W_pop_lore","  for the first time after years of paddling around in the shallows. I can imagine that there will be those who fill find his rendering of the main theme's",0.253705835540984,0.841942187806502,-0.602470087876506,"2-THINK/BELIVE"
736,"CES","W_biography","  invariably Lake Vrynwy Hotel, a large Gothic edifice in which it was easy to imagine all kinds of Agatha Christie-like goings-on, although we never actually encountered any. The",0.561530986543836,-0.682705048325456,-0.0428246768428166,"1-VIZUALIZE/PICTURE"
737,"C9M","W_pop_lore","  An hour on the workbench could make them play quite reasonably, but don't imagine you're getting anything like a real Rickenbacker for a bargain price; they've",0.253705835540984,-0.987634495551847,-0.602470087876506,"4-FALSE_PERCEPTION"
738,"JK8","S_unclassified","  better. (clapping) More doctors smoke Camels than any other cigarette. Can you just imagine me advertising that today. I would be shot before dawn. Now, what",0.561530986543836,-1.29256394277824,-0.602470087876506,"1-VIZUALIZE/PICTURE"
740,"J10","W_fict_prose","  '' It has not arisen,' said Owen stiffly.' Can you imagine Zeinab talking about a thing like that and not getting emotionally involved? Zeinab would",0.561530986543836,-0.682705048325456,-0.602470087876506,"1-VIZUALIZE/PICTURE"
741,"A7A","W_fict_prose","  and hammer a nail in it! It was for war charities but can you imagine anything more barbarous?' She shook her head then reached across the cakes and",0.561530986543836,0.232083293353719,-0.0428246768428166,"1-VIZUALIZE/PICTURE"
743,"AEA","W_fict_prose","  . And they were so contemptuous of the Nazis and their cohorts they could not imagine that they themselves featured in the minds and machinations of such louts. They pretended",0.561530986543836,0.841942187806502,-0.602470087876506,"2-THINK/BELIVE"
744,"G3E","W_fict_prose","  we're ready to make the arrest. Not allowed. You'll have to imagine that bit. But there'll be the trial to attend, with any luck",0.561530986543836,-0.987634495551847,-0.322647382359662,"1-VIZUALIZE/PICTURE"
745,"CMP","W_fict_prose","  he had an irrepressibly high-spirited nature and could not help laughing again.' I imagine Sharpe dances like a Belgian heifer! Thump, thump, thump, and all",-1.90107022147898,0.841942187806502,1.35628885074141,"2-THINK/BELIVE"
746,"B32","W_non_ac_soc_science","  is hard sometimes to look at an old person sitting passively in a chair and imagine them running around, bringing up babies, managing an office, driving a lorry",0.561530986543836,0.841942187806502,1.35628885074141,"1-VIZUALIZE/PICTURE"
747,"BNV","W_pop_lore","  ) in the jungles, mountains, deserts and tundra of the world? So imagine my surprise when, taking for a flight the farmer friend whose generosity allows me",0.253705835540984,1.45180108225928,-0.882292793393351,"1-VIZUALIZE/PICTURE"
748,"HVH","S_pub_debate","  (SP:PS3JK) (unclear) (SP:PS3JH) Mr (-----) (SP:PS3JR) Yes er I I agree wholeheartedly because I can imagine if this ended up in Selby what might be proposed under this umbrella. Erm",0.561530986543836,-0.682705048325456,-0.602470087876506,"1-VIZUALIZE/PICTURE"
749,"ANJ","W_biography","  when the sceptics are challenged to test him, as he already has been, imagine the sensation when he asks someone to write down a minuet or some tune or",0.561530986543836,-0.682705048325456,-0.882292793393351,"1-VIZUALIZE/PICTURE"
750,"CRM","W_non_ac_nat_science","  . The patterns show every lace doily, rose window or Persian carpet you can imagine. As Fig. 2 b shows, the asymptotic fraction of C is as for",0.253705835540984,1.45180108225928,1.63611155625825,"1-VIZUALIZE/PICTURE"
751,"HP4","W_misc","  of running to catch a bus may be enough to set your heart racing. Imagine then, running a 26 mile marathon -- twice -- and then adding 10 miles",0.561530986543836,-0.987634495551847,1.35628885074141,"1-VIZUALIZE/PICTURE"
752,"HR7","W_fict_prose","  talked me into a job with the Defense Department.'' I can't imagine you as an actor,' I said.' I can,' Signe",0.869356137546688,-0.0728461538726729,0.516820734190873,"1-VIZUALIZE/PICTURE"
753,"F9U","W_biography","  it's nice to know that no time has been wasted though I don't imagine there will be much energy left for the Finer Things. London is miserable,",-1.90107022147898,-0.682705048325456,-0.882292793393351,"2-THINK/BELIVE"
754,"JYC","W_fict_prose","  weeks ago she had never heard of Penry Meredith Vaughan. Now she couldn't imagine life without him. The conclusion kept her tossing and turning in despair for hours",0.561530986543836,-0.987634495551847,-0.322647382359662,"1-VIZUALIZE/PICTURE"
755,"FYV","W_fict_prose","  I know, would have found him horrible to be near. So you can imagine what he was like to be inside. Then the Reverend called, with his",0.561530986543836,1.14687163503289,-0.0428246768428166,"1-VIZUALIZE/PICTURE"
756,"ANX","W_non_ac_nat_science","  some ionised gas. The tunnel lies in the disc of the Milky Way. Imagine the Sun at the centre of a giant clock, with 6 o'clock as the",0.869356137546688,-1.29256394277824,1.9159342617751,"1-VIZUALIZE/PICTURE"
757,"FEU","W_misc","  on strings. Then we would visualise an alarm clock with carrots for fingers and imagine that when the alarm goes off it switches on the television set. And...",0.561530986543836,-0.987634495551847,1.63611155625825,"1-VIZUALIZE/PICTURE"
758,"G06","W_fict_prose","  she obviously thought it was jolly clever of him.'' I can't imagine her telling you all that,' observed my mother.' Why should she",0.561530986543836,1.14687163503289,-0.602470087876506,"1-VIZUALIZE/PICTURE"
759,"B7N","W_non_ac_nat_science","  if you can't tell the time. It's beautiful'. I can imagine a lot of beautiful things that, among their functions, will not tell me",0.253705835540984,-0.0728461538726729,-0.882292793393351,"1-VIZUALIZE/PICTURE"
760,"CA5","W_non_ac_soc_science","  inner planes before discussing the issue with them in person: Relax deeply, then imagine you are on a grassy riverbank. Use all your senses to find yourself there",0.561530986543836,-0.987634495551847,1.9159342617751,"1-VIZUALIZE/PICTURE"
761,"CKE","W_fict_prose","  ?' said Dolly. He laughed. She was a character. He could imagine her fighting to hold her own in the orphanage instead of letting herself become meek",0.561530986543836,0.841942187806502,1.07646614522456,"1-VIZUALIZE/PICTURE"
762,"J52","W_non_ac_nat_science","  the bee-like shape through trying to copulate with flowers, and hence carrying pollen. Imagine the "" bee-flower "" of Figure 5 in colour. Wouldn't you fancy it",0.561530986543836,-0.987634495551847,1.9159342617751,"1-VIZUALIZE/PICTURE"
763,"CR3","W_non_ac_tech_engin","  itself and applications across multiple processors, or alternatively sit on just one. Now imagine that it is processor-independent and is already running on 80386 and 80486, and Transputers",0.561530986543836,-0.987634495551847,-0.882292793393351,"1-VIZUALIZE/PICTURE"
765,"K77","S_parliament","  happens to the fund. They'll be given the same three options I should imagine. (SP:K77PSUNK) So you would feel probably the best mechanism would be the appointment of",-1.90107022147898,-0.377775601099064,-0.882292793393351,"2-THINK/BELIVE"
766,"JXT","W_fict_prose","  Arnie lying with her in the big blue bed. The only person she could imagine lying in it with her was Guido. By eight o'clock there was still no",0.253705835540984,-1.29256394277824,1.07646614522456,"1-VIZUALIZE/PICTURE"
767,"BNH","W_misc","  care to reflect on the differences between Heseltine and Gordon Brown as Trade Secretaries. Imagine a Trade Secretary who promises a degree of interventionism, with even a dash of",0.253705835540984,-0.377775601099064,-0.602470087876506,"1-VIZUALIZE/PICTURE"
768,"A6C","W_misc","  as a present, and it was full of chocolates.' I could not imagine what they were, apart from an unattainable marvel, part of a world gone",0.561530986543836,1.14687163503289,-0.322647382359662,"3-SUPPOSE/ASSUME"
769,"HR4","W_fict_prose","  to security. I think Mo left in the middle of all that. I imagine he just saw the writing on the wall and didn't like their spelling.",-1.90107022147898,1.14687163503289,-0.0428246768428166,"2-THINK/BELIVE"
770,"GVL","W_fict_prose","  a token of my humblement.' Marvin could hardly stand up. I could imagine his agony. Underneath his suit, he must be glowing like a fresh-cooked lobster",0.561530986543836,1.45180108225928,0.516820734190873,"1-VIZUALIZE/PICTURE"
771,"FRJ","W_fict_prose","  out of bondage in Egypt and taken to the Holy Land. You can't imagine that, can you? To you that is all in the past, someone",0.561530986543836,1.45180108225928,0.516820734190873,"1-VIZUALIZE/PICTURE"
772,"B1J","W_religion","  those emotions in all of us, legitimising it. It would be smug to imagine that all such violence is across the Atlantic. There are enough horror stories of",0.253705835540984,-0.987634495551847,-0.602470087876506,"4-FALSE_PERCEPTION"
773,"BNK","W_misc","  as if you're all right and not alone.' It is hard to imagine Deborah Moggach being embarrassed now. Tall, slim and disarmingly natural, she laughs",0.561530986543836,-0.377775601099064,-0.322647382359662,"1-VIZUALIZE/PICTURE"
774,"HHV","W_hansard","  technology college gets the lot -- and it is public money. Mr. Eggar I imagine that this may well be the hon. Gentleman's last contribution to Education Question Time",-1.90107022147898,0.841942187806502,-0.882292793393351,"2-THINK/BELIVE"
775,"AAV","W_newsp_brdsht_nat_misc","  bubbly, by taxi, to sad friend in Wordsley who is, we fondly imagine, instantly magicked into happy lady. Jimmy Franks is one hell of a Christmas",0.561530986543836,-0.987634495551847,1.07646614522456,"1-VIZUALIZE/PICTURE"
776,"ACG","W_religion","  . We understand how deeply people can become attached to sacred objects. We can imagine the horror that would ripple through Christendom if the Turin Shroud were stolen, even",0.561530986543836,-0.987634495551847,-0.322647382359662,"1-VIZUALIZE/PICTURE"
777,"CDK","W_misc","  already know. Let's pause for a moment, while I ask you to imagine the smell of newly baked bread or freshly percolated coffee. The point of using",0.561530986543836,-0.987634495551847,0.236998028674028,"1-VIZUALIZE/PICTURE"
778,"HA4","W_fict_prose","  # Lily of Eden's fragrant shade... =' #' But one must imagine the crowded churches in the East End of London,' said Everard,'",0.253705835540984,0.841942187806502,1.63611155625825,"1-VIZUALIZE/PICTURE"
779,"KB8","S_conv","  an appointment booked. (SP:PS14B) Yeah (SP:PS14L) It's just that, well you can imagine what she's gon na be like. But she screams so much when she",0.561530986543836,-0.682705048325456,-0.602470087876506,"1-VIZUALIZE/PICTURE"
780,"CJX","W_fict_prose","  .' I wonder what they promised him?'' Very little, I imagine,' said the Captain irritably,' and he wouldn't have got it",-1.90107022147898,-0.377775601099064,-0.882292793393351,"2-THINK/BELIVE"
782,"HH3","W_non_ac_polit_law_edu","  only you.' She relaxes and opens the door wide.' I always imagine it's going to be a tax-inspector!' A two-year-old is reaching excitedly out",-0.669769617467571,-0.682705048325456,-0.0428246768428166,"4-FALSE_PERCEPTION"
783,"AE0","W_fict_prose","  you do not expect too lengthy or too frequent an exchange. You can not imagine how overwhelmed I feel with duties sometimes. Sincerely yours, Prof. R. von Krafft-Ebing",0.253705835540984,1.45180108225928,-0.602470087876506,"1-VIZUALIZE/PICTURE"
784,"CFY","W_fict_prose","  head now towards Joe, and gallantly he now replied,' I could never imagine you being past anything, Mrs Robson.'' You're right, you",0.561530986543836,-0.377775601099064,-0.602470087876506,"1-VIZUALIZE/PICTURE"
785,"CBF","W_newsp_other_report","  Kikozi said:' I have nothing to say about their food, but I imagine we will now see people wearing happy hats around the place.' Spiritually,",-1.90107022147898,-0.377775601099064,1.63611155625825,"2-THINK/BELIVE"
786,"FAJ","W_fict_prose","  indicate that he is inside and should not be disturbed, but I can't imagine Claudia, chic Parisienne, et cetera, allowing her relationship to be semaphored in",0.561530986543836,-0.682705048325456,-0.322647382359662,"1-VIZUALIZE/PICTURE"
787,"F8P","S_interview_oral_history","  you, if you multiply that by the number of people at work you can imagine how much production was lost erm (pause) and also when the sirens went (pause) Major",0.253705835540984,1.14687163503289,-0.602470087876506,"3-SUPPOSE/ASSUME"
788,"G24","W_pop_lore","  and German shepherd dogs. We saw the obstacle course where the dogs learn to imagine they are six feet tall so that they can keep their blind owners safe from",0.253705835540984,-0.987634495551847,1.63611155625825,"4-FALSE_PERCEPTION"
789,"CET","W_non_ac_nat_science","  particles are indeed present, although we can not detect them directly. We can imagine, then, a circumstance in which there were no such things as matter,",0.561530986543836,-1.59749339000463,-0.882292793393351,"1-VIZUALIZE/PICTURE"
790,"CAY","W_misc","  will give a shallow glide with low rotor RPM. It may be difficult to imagine the concept of a helicopter' gliding but this is an accurate description of the",0.561530986543836,0.841942187806502,1.07646614522456,"1-VIZUALIZE/PICTURE"
791,"G06","W_fict_prose","  , an agreement that as birth precedes so death must follow. I couldn't imagine Lili dying. She was ageless and even in age would, I knew,",0.561530986543836,-0.377775601099064,-0.0428246768428166,"1-VIZUALIZE/PICTURE"
792,"K6Y","S_speech_unscripted","  a case of Mr Prospect (pause) let's just have a look, let's imagine today is the last day that you'll be working as a carpenter. You",0.253705835540984,-0.987634495551847,-0.602470087876506,"1-VIZUALIZE/PICTURE"
793,"A08","W_fict_prose","  made, not born. The colossal error of nineteenth-century anthropologists like Tyler was to imagine that there was no difference. The reaction to this of Saussure, Lvi-Strauss and",0.253705835540984,-0.987634495551847,-0.882292793393351,"2-THINK/BELIVE"
794,"CGE","W_religion","  of inner conflict of these kinds. # Wouldn't it be lovely... # Imagine yourself in your favourite shopping street. It's a lovely sunny afternoon. You",0.561530986543836,-0.987634495551847,1.9159342617751,"1-VIZUALIZE/PICTURE"
795,"ABS","W_pop_lore","  quite know how to arrange it. I write about Agnes, I try to imagine her, I let her sit on a bench in the sauna, walk around",0.869356137546688,-0.987634495551847,1.63611155625825,"1-VIZUALIZE/PICTURE"
796,"B7G","W_non_ac_nat_science","  its sheer usefulness, not least as an examination primer. It's hard to imagine a better, although Arthur Strahler's Physical Geology, a book constructed along similar",0.561530986543836,-0.377775601099064,-0.602470087876506,"1-VIZUALIZE/PICTURE"
797,"HSG","W_misc","  , from the Palace walls, looked like a model railway track. One could imagine the early days of the place, when Blondin had walked on a tightrope across",0.869356137546688,1.14687163503289,1.63611155625825,"1-VIZUALIZE/PICTURE"
798,"FBN","W_pop_lore","  they leave eggs like a coating of slime on the rim. As you might imagine, the fry are difficult to raise. My little crew of seven fish are",0.253705835540984,1.45180108225928,-0.882292793393351,"2-THINK/BELIVE"
799,"EUU","W_commerce","  client's order had been executed a full day after it had been placed. Imagine yourself in the role of a client. Would you be happy with this sort",1.17718128854954,-0.0728461538726729,-0.322647382359662,"1-VIZUALIZE/PICTURE"
800,"FM2","S_meeting","  (SP:PS1S1) How big is it? I mean is it a massive program? I imagine it'd be quite huge. (SP:PS1S4) Erm it it was compressed onto six disks",-1.90107022147898,1.14687163503289,-0.882292793393351,"2-THINK/BELIVE"
801,"FS1","W_fict_prose","  , after all, he should put Madeleine out of his mind. Even to imagine she could love him was absurd. It would be far more sensible to concentrate",0.561530986543836,-1.29256394277824,-0.882292793393351,"4-FALSE_PERCEPTION"
802,"ADL","W_non_ac_polit_law_edu","  a brave band of right-minded guys and gals, charged with responsibility no outsider can imagine, working all hours, with bright minds often in good-looking heads, growing ever",0.561530986543836,1.45180108225928,-0.0428246768428166,"1-VIZUALIZE/PICTURE"
803,"HNJ","W_fict_prose","  think I can bear to tell it again just now.'' I can imagine.' The sympathy in his voice was heart-warming. Of course he understood,",0.253705835540984,-0.0728461538726729,-0.602470087876506,"2-THINK/BELIVE"
804,"CB8","W_pop_lore","  men see it as some sort of role-play. When I close my eyes and imagine fatherhood, I see all the standard clichs: John Jr walking with me in",1.17718128854954,-0.987634495551847,1.35628885074141,"1-VIZUALIZE/PICTURE"
805,"HGE","W_fict_prose","  what on earth Papa would say of that banal piece of wisdom she could not imagine -- and why was Papa, whom she had parted from in a high old",0.253705835540984,-0.682705048325456,-0.322647382359662,"3-SUPPOSE/ASSUME"
806,"H7F","W_fict_prose","  at some time in the future. Even so, she found it hard to imagine ever becoming so desperate. Time would have to drag on a lot longer than",0.561530986543836,-0.377775601099064,-0.602470087876506,"1-VIZUALIZE/PICTURE"
807,"GYF","S_consult","  of skin and it's a real hassle, so er (SP:PS298) (laugh) I can imagine. (SP:PS297) so er I think that'd be the, the sensible thing to",0.253705835540984,1.14687163503289,-0.882292793393351,"2-THINK/BELIVE"
808,"H8S","W_fict_prose","  have regarded as a' fate worse than death', since she could hardly imagine that Luke had gone to the trouble of virtually kidnapping her in order to spend",-1.90107022147898,-0.987634495551847,-0.602470087876506,"2-THINK/BELIVE"
809,"FU3","W_misc","  has been achieved. # The Essay as Practice Looking at it another way, imagine that you have been asked to make a bookcase in a craft lesson. The",0.561530986543836,-0.987634495551847,0.796643439707718,"1-VIZUALIZE/PICTURE"
810,"K4T","W_newsp_other_sports","  as they watch some of the most gloriously pink sunsets it is ever possible to imagine. There are beaches which are easily accessible either side of this artery road,",0.253705835540984,1.14687163503289,1.35628885074141,"1-VIZUALIZE/PICTURE"
811,"H7F","W_fict_prose","  well. Perhaps she loved him. He thought he loved her. He could imagine them living together. even marrying. He would make a living as an artist",0.561530986543836,-0.682705048325456,0.796643439707718,"1-VIZUALIZE/PICTURE"
813,"KB8","S_conv","  (SP:PS14B) Yes please. (pause) Oh, there's a piece of (pause) I should imagine there's bits of puzzles under the chairs anyway. Sure to be. (pause)",-1.90107022147898,0.53701274058011,-0.322647382359662,"2-THINK/BELIVE"
815,"AB9","W_fict_prose","  said that it just seemed a lot to him.' I mean, I imagine a lot of people might have difficulty raising that much?'' Yes and",-1.90107022147898,0.841942187806502,-0.882292793393351,"2-THINK/BELIVE"
817,"GUK","W_fict_prose","  when Paris fell and the Germans were occupying everywhere. People in the village could imagine what it would be like, the Germans taking all their supplies. So they",0.561530986543836,-0.682705048325456,0.516820734190873,"1-VIZUALIZE/PICTURE"
818,"CB0","W_fict_poetry","  Tuesday, # we shot a man # at 0800 hours. # Try to imagine, # if you can, # the subdued feel # of a Sunday morning",0.869356137546688,0.53701274058011,-0.0428246768428166,"1-VIZUALIZE/PICTURE"
819,"ADP","W_biography","  of the ad hominem propagandizing directed against him in the post-war years, one might imagine Karajan was a great player in this awesome drama. In reality, he was",-0.977594768470423,-0.682705048325456,-0.602470087876506,"4-FALSE_PERCEPTION"
820,"AHA","W_newsp_brdsht_nat_arts","  died just as she was beginning to be more widely accepted. I can not imagine her, though, as a pillar of the literary Establishment, for all that",0.561530986543836,-0.682705048325456,-0.882292793393351,"1-VIZUALIZE/PICTURE"
821,"JA9","S_meeting","  increase, we will put in a budget higher than this year's, I imagine, simply inflation and on costs, we'll will mean an increase over this",-1.90107022147898,-0.377775601099064,-0.882292793393351,"2-THINK/BELIVE"
823,"CEY","W_fict_prose","  Morgan, those tiles. Remember the name. Much cleverer man than you would imagine by that livid green' -- and then she would sail on, followed by",0.561530986543836,0.53701274058011,-0.882292793393351,"4-FALSE_PERCEPTION"
824,"ADS","W_fict_prose","  Miss Hawarth likewise procured several paying guests, moving Wilson to declare she could not imagine why any lady would wish to lodge in her poorly decorated and furnished house when",0.561530986543836,0.53701274058011,-0.0428246768428166,"3-SUPPOSE/ASSUME"
825,"FS0","W_biography","  for water and rest. Mazzin started feeling my stomach again. I could only imagine that Brian had managed to loosen his hands. In the event Mazzin was after",0.253705835540984,0.841942187806502,0.516820734190873,"3-SUPPOSE/ASSUME"
826,"H84","W_fict_prose","  ' You find that unnatural in her father?'' No. But I imagine you know what is said about you.'' What is said about me",-1.90107022147898,0.841942187806502,-0.882292793393351,"2-THINK/BELIVE"
827,"A56","W_newsp_brdsht_nat_editorial","  idle for want of one or two spare parts. One can all too easily imagine a situation in which, within a few months, Poland will have the worst",0.561530986543836,-0.682705048325456,-0.882292793393351,"1-VIZUALIZE/PICTURE"
828,"B0M","W_non_ac_nat_science","  time now right to teach these concepts in primary school science? # John Leisten Imagine introducing young people to molecules by giving them wooden cubes as atoms and dowel rods",0.561530986543836,-0.377775601099064,1.63611155625825,"1-VIZUALIZE/PICTURE"
829,"ECR","W_non_ac_humanities_arts","  are held here -- a perfect setting for such an event. One could almost imagine oneself back into the Middle Ages but for the fact that technology has marched on",0.561530986543836,-0.987634495551847,-0.322647382359662,"1-VIZUALIZE/PICTURE"
830,"CG3","W_non_ac_humanities_arts","  this too, plays its part. # Conjuring up the spirit of place # Imagine yourself in a room you love. Close your eyes so you can walk into",0.869356137546688,-0.0728461538726729,1.63611155625825,"1-VIZUALIZE/PICTURE"
831,"HTM","W_fict_prose","  going away? Wyn raised a finger to his lips and said,' I imagine he is afraid that the same spectre haunts him, calling him to Bavduin,",-1.90107022147898,-0.377775601099064,-0.882292793393351,"2-THINK/BELIVE"
833,"FR6","W_fict_prose","  a rapid' Goodbye!' rushed out of the cottage. I could not imagine what he had found to interest him so much. # Sudden wealth # When",0.561530986543836,1.45180108225928,-0.882292793393351,"3-SUPPOSE/ASSUME"
834,"CKA","W_pop_lore","  sorely missed. The Free State front row was also impressive and it you can imagine three Mighty Mouse McLauchlans, well then you have them. The two Bester brothers",0.561530986543836,-0.0728461538726729,0.796643439707718,"1-VIZUALIZE/PICTURE"
835,"GWL","W_misc","  but' he died a very rich dog'. # Close your eyes and imagine yourself in a bookshop. What is the pervading odour? The SUNDAY TIMES reports",0.869356137546688,-0.987634495551847,2.19575696729194,"1-VIZUALIZE/PICTURE"
836,"HA6","W_fict_prose","  on to you, and I intend to spike your little game. Don't imagine you can play me for a fool. Adam may have fallen for your charms",-1.90107022147898,-0.377775601099064,-0.882292793393351,"4-FALSE_PERCEPTION"
837,"KDN","S_conv","  time of the day to go up when there's nobody (unclear)2. (SP:PS1HJ) I'd imagine there'd be people maybe (pause) down and outs maybe tramps sleep in that park",-1.90107022147898,0.841942187806502,0.796643439707718,"2-THINK/BELIVE"
838,"AS3","W_misc","  scramble up rocks using my hands. Kind of obvious really. I can't imagine I would try and scramble up over rocks using my nose, but the use",0.561530986543836,-1.59749339000463,1.35628885074141,"2-THINK/BELIVE"
839,"EF1","W_fict_prose","  Czechoslovakian crystal chandelier was the only reminder of its once resplendent grandeur. He could imagine that the walls had once been lined with an array of expensive paintings or tapestries",0.253705835540984,0.841942187806502,1.63611155625825,"2-THINK/BELIVE"
840,"BN6","W_biography","  I found myself over the front page of the Evening Standard. I can not imagine what they were all thinking about. Afterwards, Lady Mary Wilson, Sir Harold",0.561530986543836,1.14687163503289,-0.882292793393351,"3-SUPPOSE/ASSUME"
841,"HA4","W_fict_prose","  as' nothing much, really'.' A very complicated subject, I imagine,' said Edwin Pettigrew.' I hoped that perhaps you had been doing",-1.90107022147898,1.45180108225928,-0.882292793393351,"2-THINK/BELIVE"
842,"G02","W_fict_prose","  Tom... he's never been a mouser in his life, I don't imagine. He's a domestic pussy. We did that to him; we humans",-0.977594768470423,1.45180108225928,-0.322647382359662,"2-THINK/BELIVE"
843,"APC","W_misc","  the first contacts the people of St Kilda had with the outside world. I imagine the same shyness, the same brazen demands. The geography of the island is",0.561530986543836,1.45180108225928,-0.602470087876506,"1-VIZUALIZE/PICTURE"
844,"CKC","W_fict_prose","  doing with a spare radio in your cabin, Uncle?' I can hardly imagine her dropping in on Alexander at any time, far less occasionally. So,",0.561530986543836,-0.682705048325456,-0.602470087876506,"1-VIZUALIZE/PICTURE"
845,"A0C","W_misc","  an informal, family-run restaurant in the country one day, so he can eventually imagine returning to the long hours of hotel and restaurant work. But for the time",0.561530986543836,-0.682705048325456,-0.0428246768428166,"1-VIZUALIZE/PICTURE"
846,"H9D","W_fict_prose","  who, do you think?'' That chit of a daughter, I imagine. A rather sharp creature I always thought, but there. Of course I",-1.90107022147898,-0.377775601099064,-0.882292793393351,"2-THINK/BELIVE"
847,"JYE","W_fict_prose","  , then added thoughtfully,' What we should do without antibiotics I can't imagine. The number of lives saved since their discovery is almost incredible.' Thinking",0.253705835540984,-0.682705048325456,-0.602470087876506,"1-VIZUALIZE/PICTURE"
848,"BPA","W_fict_prose","  she knew would be inevitable one day... before she was forty. She could imagine the coroner's disinterested voice.'... overdose while in a depressed state...",0.561530986543836,-0.682705048325456,0.516820734190873,"1-VIZUALIZE/PICTURE"
849,"B7D","W_non_ac_nat_science","  a more general problem. Consider a cube which is disassembled into its pieces and imagine reassembling the pieces so that the outside facelets remain outside and the centres remain in",0.561530986543836,-0.987634495551847,1.9159342617751,"1-VIZUALIZE/PICTURE"
850,"G01","W_fict_prose","  ' he chuckled. Carol looked at him. She couldn't even begin to imagine that amount of money. The figures were enough to make her head spin.",0.253705835540984,1.75673052948568,-0.602470087876506,"1-VIZUALIZE/PICTURE"
851,"ACB","W_fict_prose","  The idea of being able to control things and people was something she could hardly imagine. One of the ways she visualized life was as a swirling, unpredictable tide",0.561530986543836,-0.377775601099064,-0.602470087876506,"1-VIZUALIZE/PICTURE"
852,"JYC","W_fict_prose","  ?'' No,' he admitted.' Something for which, I imagine, the girls are profoundly grateful. I'm a throw-back to old Josh Probert",-1.90107022147898,1.14687163503289,-0.882292793393351,"2-THINK/BELIVE"
853,"H89","W_misc","  gorgeous trappings they look strangely uncomfortable: cold and hard and white, difficult to imagine back into life. Today, as the pavilions lie empty and neglected, they",0.561530986543836,-0.987634495551847,1.35628885074141,"1-VIZUALIZE/PICTURE"
854,"C95","W_pop_lore","  fishkeeper -- now's the time for the same on test kits. Readers sometimes imagine that the various tanks in our office would provide a fascinating array of exotic fish",-1.28541991947327,-0.682705048325456,1.35628885074141,"4-FALSE_PERCEPTION"
855,"HGG","W_fict_prose","  his mind at rest about the unexpected summons. She knew him, and could imagine his state now, half surly defiance, half anxious and defensive fear. He",0.253705835540984,1.14687163503289,-0.602470087876506,"1-VIZUALIZE/PICTURE"
856,"H4A","S_meeting","  small business, which made Thatcher great. Every last one of them I would imagine that were in that room when I met them er a week ago Friday I",-1.90107022147898,1.45180108225928,-0.322647382359662,"2-THINK/BELIVE"
857,"K69","S_interview_oral_history","  because we, we, we were stepping into a new area, you can imagine from, from wires to something with no wires, and the risk of that",0.253705835540984,1.14687163503289,-0.0428246768428166,"2-THINK/BELIVE"
858,"HPC","W_misc","  of the sacrifice needed to build his unique sports car. It's hard to imagine that the smart two-seater started out as a Triumph Herald which failed its MoT.",-0.669769617467571,1.75673052948568,-0.0428246768428166,"2-THINK/BELIVE"
859,"CK0","W_fict_prose","  Not that I can't be doing with this now.'' I can imagine,' I said, and we were silent. It was around fifteen minutes",0.253705835540984,0.841942187806502,-0.882292793393351,"2-THINK/BELIVE"
860,"CG1","W_pop_lore","  's closer to Hard Very Severe than the traditional Very Severe. I can't imagine anyone reversing the delicate traverse -- although I think the groove below is technically harder",0.561530986543836,-0.682705048325456,-0.322647382359662,"1-VIZUALIZE/PICTURE"
861,"G02","W_fict_prose","  ... you really are a wicked child, aren't you? I can not imagine what possesses you. When I switch on, I want you to go down",0.253705835540984,1.14687163503289,-0.882292793393351,"1-VIZUALIZE/PICTURE"
862,"K6T","S_interview_oral_history","  (unclear) (SP:PS5M6) Probably (SP:K6TPS000) probably. (SP:PS5M6) It would probably come off first I would imagine, I don't know. (SP:K6TPS000) Mhm (SP:PS5M6) I don't really know because",-1.90107022147898,-0.377775601099064,-0.882292793393351,"2-THINK/BELIVE"
863,"H90","W_fict_prose","  I noticed when Bowyer and Southgate left for the hunt. However, can you imagine what would happen if such a horse was not only spurred but goaded by a",0.561530986543836,-0.682705048325456,1.07646614522456,"1-VIZUALIZE/PICTURE"
864,"A7G","W_misc","  forest may have none at all by the year 2,000. It's hard to imagine a vast country like Brazil totally stripped of forest but it could happen unless we",0.561530986543836,-0.682705048325456,1.35628885074141,"1-VIZUALIZE/PICTURE"
865,"BMC","W_pop_lore","  present performance certainly makes a splendid case for the piece, and I can't imagine anyone hearing it without great pleasure. Rimsky is, of course, a much",0.253705835540984,-0.682705048325456,-0.882292793393351,"1-VIZUALIZE/PICTURE"
866,"HP0","W_fict_prose","  newsprint in which every letter o was a hole through the paper, and then imagine that the paper was magnified to a width of two feet and pasted onto a",0.561530986543836,-0.987634495551847,1.63611155625825,"1-VIZUALIZE/PICTURE"
867,"C98","W_fict_prose","  man could help but look at her more than twice.' George could not imagine how a change of clothing could create such a transformation in his plain youngest sister",0.561530986543836,1.45180108225928,1.63611155625825,"1-VIZUALIZE/PICTURE"
868,"JY1","W_fict_prose","  they'd be extremely hurt if they thought I believed otherwise.' Leith could imagine that would be the case, and, even though she knew the answer to",0.253705835540984,-0.377775601099064,-0.882292793393351,"2-THINK/BELIVE"
869,"C9M","W_pop_lore","  yet, I just heard about it.' But it would be difficult to imagine May separated from his lifelong playing companion.' I'd certainly find life very",0.561530986543836,-0.682705048325456,-0.602470087876506,"1-VIZUALIZE/PICTURE"
870,"ACW","W_fict_prose","  rough workman's hands. He screwed his eyes tightly shut and tried not to imagine what they were doing together in the room with the shuttered window. Although he",0.869356137546688,0.841942187806502,1.63611155625825,"1-VIZUALIZE/PICTURE"
871,"J2G","W_fict_prose","  "" The McLaren girl nodded. "" It seemed longer. "" "" I can imagine, "" Mrs. Favor said. "" Did they treat you all right? """,0.561530986543836,1.45180108225928,-0.882292793393351,"2-THINK/BELIVE"
872,"AAR","W_newsp_brdsht_nat_arts","  Havel directly if he wanted to be president. He said that he could not imagine conditions arising that would make it possible, stressed the collective nature of the democratic",0.561530986543836,-0.377775601099064,-0.882292793393351,"1-VIZUALIZE/PICTURE"
874,"CAK","W_non_ac_polit_law_edu","  ' something I can't reveal to you -- although I'm sure you can imagine what may or may not appear'. No need to imagine. In Shock",0.561530986543836,-0.377775601099064,-0.322647382359662,"3-SUPPOSE/ASSUME"
875,"HTW","W_fict_prose","  happened to him?'' Still in deep, old Michael, I should imagine. He wouldn't want to know any more. That kind of man.",-1.90107022147898,0.53701274058011,-0.882292793393351,"2-THINK/BELIVE"
876,"CK4","W_pop_lore","  , amongst others, is one of the most accommodating interviewees it's possible to imagine, seeming to feel under sentence to talk until someone makes his stop. So",0.253705835540984,1.14687163503289,-0.602470087876506,"1-VIZUALIZE/PICTURE"
878,"KRL","S_brdcast_discussn","  whole of that allowance, by any stretch of the imagination, but I can imagine people out there now reaching for their phones and probably going to disagree with me",0.253705835540984,-0.377775601099064,1.07646614522456,"1-VIZUALIZE/PICTURE"
879,"HGV","W_fict_prose","  and family,' he said in a blustering way.' What do you imagine I will do -- go and tell your wife my story?' Theda gave",-0.669769617467571,-0.682705048325456,-0.602470087876506,"2-THINK/BELIVE"
880,"CFV","W_advert","  # Soaking up the sun on a sparkling coral beach, it's hard to imagine how our lush Reef Resort was built in Cairns, North Queensland without a single",0.561530986543836,1.45180108225928,1.07646614522456,"1-VIZUALIZE/PICTURE"
881,"B2U","W_misc","  ' dresses # kitchen units # men's shoes # dining-room furniture # 9 # Imagine you are responsible for the window displays in your shop. You have to create",0.561530986543836,-0.987634495551847,-0.602470087876506,"1-VIZUALIZE/PICTURE"
882,"KE2","S_conv","  lots of trees there? (SP:PS0W2) Well there would be, yes, I would imagine or if they certainly would, they would of been in the past, they",-2.20889537248183,0.841942187806502,-0.0428246768428166,"2-THINK/BELIVE"
883,"G27","W_pop_lore","  know it's difficult to get the wood, Mr Noah, but can you imagine the cost of a rotomoulded Ark?' and Simon Dawson with' Shaun Baker",0.561530986543836,-0.682705048325456,-0.322647382359662,"1-VIZUALIZE/PICTURE"
884,"BMM","W_biography","  difficult to cope with. In Jamaica, you could not avoid learning. I imagine that many older people in Britain will recognize this type of education, and I",-1.90107022147898,1.14687163503289,-0.882292793393351,"3-SUPPOSE/ASSUME"
885,"KCJ","S_conv","  that on there (SP:PS1C8) mm, mm (SP:PS1C7) should nee stand now (SP:PS1C8) I should imagine it should stand normally, just like (SP:PS1C7) er (SP:PS1C8) anything else (unclear) (SP:PS1C7) I",-1.90107022147898,0.53701274058011,-0.322647382359662,"2-THINK/BELIVE"
886,"F9J","W_misc","  Mail on Sunday,' is 100 today -- and it would be hard to imagine a less welcome present than this biography, which struggles feebly but nastily to belittle",0.253705835540984,-0.377775601099064,0.236998028674028,"1-VIZUALIZE/PICTURE"
888,"EFG","W_pop_lore","  And this is one of the most wonderful and exciting.' I can't imagine what it's going to be like -- sitting at home and there's three",0.561530986543836,-0.377775601099064,-0.322647382359662,"1-VIZUALIZE/PICTURE"
889,"KCV","S_conv","  I hope not (pause) what's that? (SP:PS125) I don't know, I imagine that it's something tha-- they're construct some work of art they (SP:PS0H7) They",-1.90107022147898,1.14687163503289,-0.322647382359662,"2-THINK/BELIVE"
891,"APM","W_fict_prose","  fish and wear a wig and dance with fashionable rabbis at weddings, you can imagine how Dad took to that. She never got on with Dad, he was",0.561530986543836,1.45180108225928,-0.602470087876506,"1-VIZUALIZE/PICTURE"
892,"ED6","W_misc","  EMI). The 1984 performance starts with dodgy ensemble, and one can almost imagine the glint in Mravinsky's eye at the mis-tuning of the first note in the",0.561530986543836,1.14687163503289,1.35628885074141,"1-VIZUALIZE/PICTURE"
893,"KBF","S_conv","  they can't miss out on Christmas but are sometimes naughty children. Cos you imagine the thousands of children there are. (SP:PS04Y) Mm. (SP:PS04X) Children? (SP:PS04Y) (laugh) (SP:PS04U)",0.253705835540984,1.14687163503289,-0.0428246768428166,"1-VIZUALIZE/PICTURE"
894,"CAT","W_pop_lore","  1984. I crept up to my first victim in the same way as I imagine a lion cub stalks it first wildebeest -- clumsily. I was consequently staggered to",-0.0541193154618676,-0.377775601099064,1.35628885074141,"3-SUPPOSE/ASSUME"
895,"H5E","S_meeting","  so that is something I need to get from you Bill. So you can imagine the sort of conversations we're gon na have when Ray and Cynthia are talking",0.253705835540984,-0.377775601099064,-0.602470087876506,"1-VIZUALIZE/PICTURE"
896,"FS0","W_biography","  so with him back in February. He sounded pretty good. I tried to imagine how I'd have coped with a year's solitary confinement. It was unimaginable",0.869356137546688,-0.682705048325456,1.07646614522456,"1-VIZUALIZE/PICTURE"
897,"CD3","W_non_ac_humanities_arts","  Some of the poor made quite a good living from these services and one can imagine an efficient' bush telegraph' system to alert others of forthcoming requiems. Not",0.561530986543836,0.232083293353719,-0.602470087876506,"1-VIZUALIZE/PICTURE"
898,"KRH","S_brdcast_discussn","  evolve, develop quite a lot of detective sense, to meet people, to imagine where could further letters be that would help me, and you have to charm",0.253705835540984,-0.0728461538726729,0.796643439707718,"3-SUPPOSE/ASSUME"
899,"ASS","W_fict_prose","  mirror, no one, not even the police, would be stupid enough to imagine that Elinor could be the victim of a crime passionnel. The only passion involved",0.253705835540984,-0.987634495551847,0.516820734190873,"4-FALSE_PERCEPTION"
900,"K97","W_newsp_other_report","  still on the' gangplank' because of the uncertainty.' I can not imagine a worse torture than not knowing how long your pension will be paid,'",0.561530986543836,-0.0728461538726729,-0.882292793393351,"1-VIZUALIZE/PICTURE"
902,"CG1","W_pop_lore","  things we were too frightened to attempt.' I don't think I can imagine how frightening that is. In July Steve leaves for the Karakoram to attempt Ultar",0.561530986543836,0.841942187806502,-0.602470087876506,"1-VIZUALIZE/PICTURE"
903,"JY6","W_fict_prose","  '' Through binoculars?'' You're too serious, Char. Why imagine the worst scenario? Just think, some day you could be telling your grandchildren",0.561530986543836,-0.987634495551847,-0.602470087876506,"1-VIZUALIZE/PICTURE"
904,"BMB","W_commerce","  . Company insolvencies climb daily. But think how much worse it could be. Imagine working with plant that was obsolete even before it was installed in the 1940s.",0.561530986543836,-0.987634495551847,-0.322647382359662,"1-VIZUALIZE/PICTURE"
905,"JS7","S_meeting","  whole of the recycling and the priorities for the South East region and I would imagine that by the time our officers have reported back to this Authority that they will",-1.90107022147898,-0.377775601099064,-0.882292793393351,"2-THINK/BELIVE"
906,"K68","S_interview_oral_history","  . Well then (laugh) while I was serving as a detective, you can just imagine I made plenty of arrests, and I got along reasonably well with most people",0.253705835540984,1.14687163503289,-0.602470087876506,"2-THINK/BELIVE"
907,"C8T","W_fict_prose","  hair, held back with two combs, fell over her shoulders. He could imagine her posed, mouth moistly open, hips jutting and staring at the cameras with",0.561530986543836,0.841942187806502,2.19575696729194,"1-VIZUALIZE/PICTURE"
908,"FS1","W_fict_prose","  appear poised and in complete control of her emotions. Nevertheless, she couldn't imagine herself in any form of intimacy with her employer, much as she liked him",0.561530986543836,-0.682705048325456,1.63611155625825,"1-VIZUALIZE/PICTURE"
910,"HGK","W_fict_prose","  suspicious of,' Maggie snapped, getting her own spirit back.' You imagine I will seduce you?' He went back to his task, his smile",-1.90107022147898,-0.377775601099064,-0.602470087876506,"2-THINK/BELIVE"
911,"KAR","W_letters_personal","  one for Christmas, but this morning saner counsels prevailed. After all, I imagine that the chances of suitable weather at that time are less than 50/50, and",-1.90107022147898,-0.377775601099064,-0.322647382359662,"2-THINK/BELIVE"
912,"EUU","W_commerce","  me at home up to 8.30 a.m.). "" (5) Don't imagine I'm going to let you sell out of your holdings. "" We're",-1.59324507047613,-0.682705048325456,-0.882292793393351,"4-FALSE_PERCEPTION"
913,"FU7","W_non_ac_soc_science","  the aim was to achieve some ideal unity of the two. I couldn't imagine quite how. And anyway the problem was academic. The strict controls over our",0.561530986543836,-0.377775601099064,-0.602470087876506,"3-SUPPOSE/ASSUME"
915,"CBC","W_newsp_other_social","  has kept us together. We love her so much. It is impossible to imagine life without her.' Brian, how do you feel about fatherhood? B",0.561530986543836,-0.377775601099064,-0.602470087876506,"1-VIZUALIZE/PICTURE"
916,"AN4","W_non_ac_humanities_arts","  for the laborious employments of her humble condition; but it would be cruel to imagine that we can not mend her fortune without impairing her virtue. Cruel indeed.",-1.90107022147898,-0.682705048325456,-0.602470087876506,"2-THINK/BELIVE"
917,"HH3","W_non_ac_polit_law_edu","  the ultimate right of the party to control society. How is it possible to imagine that socialism (control by the workers) is compatible with the monolithic rule of",-1.28541991947327,-0.682705048325456,-0.882292793393351,"2-THINK/BELIVE"
919,"HGY","W_fict_prose","  beautiful!'' Yes. Seeing it like this, it's hard to imagine it packed with bodies, as it is at weekends when the weather's good",0.561530986543836,1.45180108225928,1.63611155625825,"1-VIZUALIZE/PICTURE"
920,"AAH","W_newsp_brdsht_nat_arts","  club, he had to stand-in for a guest who failed to turn up. Imagine a post-modern, post-punk Morecambe and Wise and you are getting close to Reeves and",0.253705835540984,0.53701274058011,1.07646614522456,"1-VIZUALIZE/PICTURE"
922,"A8W","W_newsp_brdsht_nat_report","  they are all dominated by history. As 1989 ends, it is tempting to imagine that Europe is emerging into a wholly new identity, governed by peace not war",0.561530986543836,0.232083293353719,-0.602470087876506,"2-THINK/BELIVE"
923,"K60","S_classroom","  way. Erm, they (pause) you wouldn't, you know, you'd imagine she didn't have a very opinion of (pause) the (laughing) male sex altogether would",-1.90107022147898,0.841942187806502,-0.882292793393351,"2-THINK/BELIVE"
924,"F9C","W_fict_prose","  ' Preston stared at him in astonishment. Anyone less like prey he couldn't imagine. He looked as if he'd make a Rottweiler pause for thought.'",0.561530986543836,-0.377775601099064,0.236998028674028,"1-VIZUALIZE/PICTURE"
926,"FYF","S_interview_oral_history","  imagine (SP:PS261) Yeah I think that is (-----) (SP:PS262) Yeah you can s-- you can imagine walking round here for fourteen months, and then one w-- one back of one",0.561530986543836,-0.987634495551847,-0.322647382359662,"1-VIZUALIZE/PICTURE"
927,"AEB","W_fict_prose","  that was what we called it, there was never a name -- we could imagine that just at the top of the stairs would be the Great Kitchen with its",0.253705835540984,-0.377775601099064,0.516820734190873,"1-VIZUALIZE/PICTURE"
928,"HHW","W_hansard","  money to spend on the old people's homes? Mr. Brandon-Bravo Labour Members always imagine that some service or other would have to be cut to do what is right",-1.59324507047613,-0.377775601099064,-0.882292793393351,"2-THINK/BELIVE"
929,"CFV","W_advert","  affording majestic views over the Tyne Valley and offering the ultimate in luxury living. imagine... Pampering yourself in the retreat of our exquisite Scandinavian Time-Ownership Lodges that you can",0.561530986543836,-0.987634495551847,1.35628885074141,"1-VIZUALIZE/PICTURE"
930,"JY0","W_fict_prose","  was nothing like that twenty years ago.' Juliet nodded. She tried to imagine what it would be like to have no chance of a baby of one's",0.869356137546688,-0.987634495551847,-0.322647382359662,"1-VIZUALIZE/PICTURE"
932,"JY4","W_fict_prose","  not a female prerogative to feel insecure and afraid.'' I can't imagine you feeling that way,' she murmured.' You did once say I",0.253705835540984,-0.682705048325456,-0.882292793393351,"1-VIZUALIZE/PICTURE"
933,"KC3","S_conv","  needles, but just a slight difference he's obviously cut some nerves I should imagine. But er you know I'm, as I say, I'm more",-1.90107022147898,1.45180108225928,1.07646614522456,"2-THINK/BELIVE"
934,"HGN","W_fict_prose","  wrestling match would look like to any of these non-existent passers-by, I can't imagine. But I've lied to Rainbow. We are not entirely unobserved. The",0.561530986543836,-0.682705048325456,-0.322647382359662,"1-VIZUALIZE/PICTURE"
935,"AC4","W_fict_prose","  kitchen, he had actually felt as though she were his mother. He could imagine sitting on her lap when he was smaller. Racing up in tears and clutching",0.561530986543836,-0.377775601099064,1.35628885074141,"1-VIZUALIZE/PICTURE"
936,"HHW","W_hansard","  's gardens -- all of which suffer. I am sure that the House can imagine the feelings of someone who hangs out the washing one sunny morning only to find",0.253705835540984,0.232083293353719,1.07646614522456,"1-VIZUALIZE/PICTURE"
937,"G5A","S_unclassified","  this gold ingot, well it's a gold Probably one ounce ingot I would imagine. There you are, for this gold A nice nine carat gold er ingot",-1.90107022147898,1.45180108225928,-0.882292793393351,"2-THINK/BELIVE"
938,"F9C","W_fict_prose","  than it is.'' He thought about this for a moment.' Imagine running at one of those things, shouting and waving your arms. They can",0.561530986543836,-0.987634495551847,1.35628885074141,"1-VIZUALIZE/PICTURE"
939,"ADG","W_non_ac_soc_science","  comfort, for running and moving, not just for looking good. I can imagine looking like this, having this image, until I'm forty. I think",0.253705835540984,-0.987634495551847,1.63611155625825,"1-VIZUALIZE/PICTURE"
941,"FR6","W_fict_prose","  door that first evening, looking at the quiet fields, I allowed myself to imagine again the life I could have had with him in his little white house in",0.561530986543836,-1.29256394277824,1.35628885074141,"1-VIZUALIZE/PICTURE"
943,"CT5","W_non_ac_tech_engin","  is likely to outline further potential partnerships and cost-cutting measures, it is difficult to imagine that the new French government will refuse all further financing for Bull, letting it",0.561530986543836,-0.682705048325456,-0.882292793393351,"2-THINK/BELIVE"
944,"C9N","W_pop_lore","  letting on either. The name Mad Axe is about as inappropriate as anyone could imagine. Having said that, I've heard the French love it, and over",0.253705835540984,1.14687163503289,-0.882292793393351,"1-VIZUALIZE/PICTURE"
945,"EET","W_misc","  # Chateau Lake Louise # Niagara Falls # Castle Mountain, Alberta # ALASKA # Imagine a country overrun with brilliantly-coloured flowers every spring, a national park abounding with wildlife",0.561530986543836,1.14687163503289,2.19575696729194,"1-VIZUALIZE/PICTURE"
946,"ANJ","W_biography","  mere shadow compared with what he knows now. It exceeds all that one can imagine... He has now continually in his head an opera which he wants to produce",0.253705835540984,0.841942187806502,-0.602470087876506,"1-VIZUALIZE/PICTURE"
948,"A2U","W_newsp_brdsht_nat_arts","  , you pay my rent,' she sings on a number you could just imagine undermining the foundations at Caesar's Palace, Las Vegas. JULIA FORDHAM Porcelain (",0.253705835540984,-0.987634495551847,-0.882292793393351,"1-VIZUALIZE/PICTURE"
949,"KDM","S_conv","  I don't know (pause) (SP:PS0PN) I don't know (SP:PS0PP) I mean I should imagine there are so many people now looking for jobs (SP:PS0PN) That's right (SP:PS0PP) and",-1.90107022147898,1.45180108225928,-0.882292793393351,"2-THINK/BELIVE"
950,"CBE","W_newsp_other_report","  he opposed military action, but conceded the time had come where he could' imagine armed action against Serbia to prevent a general Balkan war'. This means using",0.561530986543836,-0.377775601099064,1.07646614522456,"1-VIZUALIZE/PICTURE"
952,"A9T","W_newsp_brdsht_nat_arts","  is a laughable understatement. More than any other modern author, you can actually imagine Roald Dahl reading his stuff to children, holding them enthralled at his feet.",0.561530986543836,1.14687163503289,1.35628885074141,"1-VIZUALIZE/PICTURE"
953,"ADL","W_non_ac_polit_law_edu","  so serve for as long as I did.' Poindexter (one can almost imagine the slow shaking of the head, the sigh through the pipe stem) wrote",0.561530986543836,0.841942187806502,1.9159342617751,"1-VIZUALIZE/PICTURE"
954,"J9Y","S_interview","  . (SP:PS40K) Which is going to be absolutely superb for the client. (SP:PS40J) You imagine ima-- imagine going to these clien-- especially doctors they'd snap your hand off.",0.253705835540984,-0.682705048325456,-0.602470087876506,"1-VIZUALIZE/PICTURE"
955,"A9H","W_newsp_brdsht_nat_sports","  the Maureen Connolly Trophy. Ann Jones is the Great Britain captain, soon we imagine to succeed Sue Mappin as national women's team manager. She is both martinet",-1.90107022147898,0.232083293353719,-0.602470087876506,"2-THINK/BELIVE"
956,"JXT","W_fict_prose","  was thinking was that, unlike her memory block with Arnie, she couldn't imagine ever forgetting the first time she'd laid eyes on Guido. That moment when",0.561530986543836,-0.987634495551847,1.07646614522456,"1-VIZUALIZE/PICTURE"
957,"APM","W_fict_prose","  , you are evidently unaware of the facts of the medical situation. Perhaps you imagine that my poor patient can be wakened up and talked to. He can not",-1.59324507047613,-1.29256394277824,0.236998028674028,"4-FALSE_PERCEPTION"
958,"EDU","W_misc","  or only you would nurture? Well, obviously Eleventh Hour -- I couldn't imagine Alan Fountain's output at the BBC. Eleventh Hour is an integral part of",0.253705835540984,1.14687163503289,-0.602470087876506,"1-VIZUALIZE/PICTURE"
959,"GYN","S_speech_unscripted","  the Elizabethan era, even the men wore hose didn't they? Can you imagine the ruffs here and there was the poofy trousers and the, and the tights",0.561530986543836,1.45180108225928,1.35628885074141,"1-VIZUALIZE/PICTURE"
960,"CKS","W_non_ac_polit_law_edu","  . The mysterious ingredient X has not yet been added. It is possible to imagine a teacher -- and there are a few rare ones -- who reacts to this",0.561530986543836,-0.0728461538726729,-0.602470087876506,"1-VIZUALIZE/PICTURE"
961,"G0X","W_fict_prose","  not Finn she had railed at on the public highway.' Do you really imagine I'd bellow at Finn in the street?' she enquired.' I",-1.90107022147898,-0.377775601099064,-0.602470087876506,"4-FALSE_PERCEPTION"
962,"J54","W_fict_prose","  and supposed that at some point he should tell Sara about it. He could imagine that she might be interested in its money-making propensity at the end of the year",0.561530986543836,-0.0728461538726729,-0.882292793393351,"2-THINK/BELIVE"
964,"G2J","W_misc","  of humanity. German historians and Middle East experts pursue' illusions' if they imagine they can' explain'either figure, for' we are not confronted with a German",-1.90107022147898,-0.987634495551847,-0.602470087876506,"4-FALSE_PERCEPTION"
965,"B0S","W_non_ac_humanities_arts","  councillors that they are free to state what they wish in council meetings for they imagine that the council meeting is a completely privileged occasion. There is in fact no",-1.59324507047613,-0.377775601099064,-0.882292793393351,"4-FALSE_PERCEPTION"
966,"ASL","W_non_ac_nat_science","  whether other master genes will be found, remains to be discovered. One can imagine how an external signal could activate a gene like myogenin and so guide the cell",0.253705835540984,-0.377775601099064,-0.882292793393351,"3-SUPPOSE/ASSUME"
967,"HGS","W_fict_prose","  his throat!' I also started out of my sleep, as you may imagine. Next day, I set myself to writing out my dream, as Horace",0.253705835540984,1.45180108225928,-0.322647382359662,"2-THINK/BELIVE"
968,"C9M","W_pop_lore","  when it was such a personal statement. So it was good for me to imagine Freddie sitting there.' In the beginning, Freddie didn't have all the",0.561530986543836,-0.682705048325456,1.63611155625825,"1-VIZUALIZE/PICTURE"
969,"C86","W_fict_prose","  turning. If only he could record what they were saying. He began to imagine how he would run the wires under the carpet, and had to stop before",0.561530986543836,-0.987634495551847,1.35628885074141,"1-VIZUALIZE/PICTURE"
971,"B7G","W_non_ac_nat_science","  '. This made me lose track of his subsequent drift as I struggled to imagine how chess-playing came to have such a pejorative connotation for him. Had he been",0.561530986543836,1.45180108225928,-0.882292793393351,"3-SUPPOSE/ASSUME"
972,"B1X","W_fict_prose","  full two minutes passed before he spoke.' Father Poole, you can't imagine the hell I've been through these past few weeks.'' If there",0.561530986543836,1.45180108225928,-0.322647382359662,"1-VIZUALIZE/PICTURE"
973,"HGD","W_fict_prose","  pleased to see him here, getting a few days' break, although I imagine that Sunday night will see him speeding back to Paris, whatever we decide to",-1.90107022147898,-0.377775601099064,-0.322647382359662,"2-THINK/BELIVE"
975,"J17","W_fict_prose","  mind, but only rarely does a suitable piece of information present itself. I imagine I stand just inside the door for a few moments, looking into the corner",-0.0541193154618676,0.232083293353719,1.07646614522456,"2-THINK/BELIVE"
976,"FR6","W_fict_prose","  closing his eyes.' Married to the lovely Rosamund Oliver! Let me just imagine it! My heart is full of delight!' And there was silence for",0.561530986543836,0.232083293353719,-0.322647382359662,"1-VIZUALIZE/PICTURE"
977,"ECT","W_pop_lore","  have been asking the question since he was, well, 23. You must imagine him answering the question in a fruitily quizzical, mostly oafish sort of way.",0.561530986543836,0.53701274058011,-0.322647382359662,"1-VIZUALIZE/PICTURE"
980,"B3H","W_biography","  seldom catch them looking straight forward. A stranger that was addressed by him would imagine he was talking to someone else, or if no other person was in the",-1.90107022147898,-0.682705048325456,-0.882292793393351,"4-FALSE_PERCEPTION"
981,"KS6","S_speech_unscripted","  on there, is star 3 and the extension number, and as you can imagine, you have to know what the extension number is before you actually access the",-0.0541193154618676,1.45180108225928,-0.882292793393351,"2-THINK/BELIVE"
982,"G0A","W_fict_prose","  , maybe a bit younger.'' Oh.'' I tried to imagine how the world had been created, and I imagined Sooty -- you know;",0.869356137546688,1.45180108225928,0.236998028674028,"1-VIZUALIZE/PICTURE"
983,"ANM","W_misc","  , I expect that I shall want to move into different arenas, but I imagine that I shall continue as an NCT member, not just to receive my favourite",-1.90107022147898,0.841942187806502,-0.882292793393351,"3-SUPPOSE/ASSUME"
984,"F8R","S_lect_humanities_arts","  . The extent of the poverty I think is very very difficult for us to imagine. Now this (pause) had already resulted, between nineteen twenty five and twenty seven",0.561530986543836,1.45180108225928,-0.602470087876506,"1-VIZUALIZE/PICTURE"
985,"HGD","W_fict_prose","  you into silence. Claudine would probably collapse.'' And of course you imagine I would stay still and do nothing?' Jenna raged, her face flushed",-1.90107022147898,-0.682705048325456,-0.882292793393351,"4-FALSE_PERCEPTION"
986,"CG3","W_non_ac_humanities_arts","  On the third day, make your nose into your organ of chief intelligence. Imagine that you are a dog. What can you discover from the smells around you",0.869356137546688,-1.59749339000463,1.35628885074141,"1-VIZUALIZE/PICTURE"
987,"AT7","W_fict_prose","  is devoid of all these naughty feelings that trouble an ordinary man, or they imagine you hold all the answers. And then there's the inn at Fellburn.",-1.90107022147898,-0.987634495551847,-1.1621154989102,"4-FALSE_PERCEPTION"
988,"FNU","W_fict_prose","  ' said Stella.' If you were me? But then you can't imagine that, can you? Nobody can imagine what it's like to be me",0.253705835540984,-0.987634495551847,-0.602470087876506,"1-VIZUALIZE/PICTURE"
989,"CES","W_biography","  worked any more. A more loving and loved animal it would be hard to imagine. She went everywhere with us and could be fast asleep in the back of",0.561530986543836,-0.682705048325456,-0.322647382359662,"1-VIZUALIZE/PICTURE"
990,"HA2","W_fict_prose","  ' Well, I expect you're right,' he admitted.' I imagine Marr does know how to use a finger bowl.'' From personal observation",-1.90107022147898,1.45180108225928,-0.602470087876506,"2-THINK/BELIVE"
991,"HAK","W_misc","  or sports. The viewfinder is blanked off to show a smaller image. I imagine this as because the CCD isn't as big as the original 35mm image area",-0.669769617467571,1.14687163503289,-0.882292793393351,"2-THINK/BELIVE"
992,"ABF","W_pop_lore","  , blessed with a fluent, if over-declamatory, style. It is difficult to imagine any of the jargon-junkies who preside over American psychology writing, for example, that",0.561530986543836,-0.377775601099064,-0.882292793393351,"1-VIZUALIZE/PICTURE"
993,"KSW","S_conv","  ! (SP:PS6SK) Mum'll be back. (SP:PS6SG) A a (pause) a home run, imagine doing that, a home run you know. That means (pause) you know,",0.561530986543836,-0.377775601099064,0.516820734190873,"1-VIZUALIZE/PICTURE"
994,"HHB","W_fict_prose","  to you because they're completely lacking in glamour.'' What makes you imagine I need glamour?' she queried. And then enlightenment dawned as the thought",-1.90107022147898,-0.682705048325456,-0.882292793393351,"2-THINK/BELIVE"
995,"HGT","W_fict_prose","  .' Now I've got work to do, and so, I should imagine, have you.' She gathered information all morning; taking accurate measurements and",-1.90107022147898,1.14687163503289,-0.882292793393351,"2-THINK/BELIVE"
996,"CH2","W_newsp_tabloid","  me to visit her in Scotland but I always turn her down.' I imagine there'll be a bagpipe player on every street corner.' # Sweat Last",-0.669769617467571,-0.682705048325456,1.63611155625825,"2-THINK/BELIVE"
997,"A6X","W_pop_lore","  the torque peak. The result is that overtaking needs less gearchanging than you might imagine. But despite overall overall gearing that's clearly designed with performance in mind,",-1.59324507047613,-0.0728461538726729,-0.882292793393351,"2-THINK/BELIVE"
999,"ASK","W_non_ac_humanities_arts","  it off if, as is assumed, the patient is alive? Those who imagine that they see the spectre of euthanasia raising its head look with particular misgiving at",-0.977594768470423,-1.29256394277824,1.63611155625825,"4-FALSE_PERCEPTION"
1000,"HM2","S_speech_unscripted","  machinery. It's obviously a show, and I mean (pause) you could well imagine that in the old days you need (pause) horses were really used to do (pause)",0.561530986543836,1.14687163503289,1.07646614522456,"2-THINK/BELIVE"
